Date,MinTemp,MaxTemp,AvgTemp,Rainfall,Humidity9am,Humidity3pm
2007-11-01,8.0,24.3,16.15,0.0,68.0,29.0
2007-11-02,14.0,26.9,20.45,3.6,80.0,36.0
2007-11-03,13.7,23.4,18.549999999999997,3.6,82.0,69.0
2007-11-04,13.3,15.5,14.4,39.8,62.0,56.0
2007-11-05,7.6,16.1,11.850000000000001,2.8,68.0,49.0
2007-11-06,6.2,16.9,11.549999999999999,0.0,70.0,57.0
2007-11-07,6.1,18.2,12.149999999999999,0.2,63.0,47.0
2007-11-08,8.3,17.0,12.65,0.0,65.0,57.0
2007-11-09,8.8,19.5,14.15,0.0,70.0,48.0
2007-11-10,8.4,22.8,15.600000000000001,16.2,82.0,32.0
2007-11-11,9.1,25.2,17.15,0.0,74.0,34.0
2007-11-12,8.5,27.3,17.9,0.2,54.0,35.0
2007-11-13,10.1,27.9,19.0,0.0,62.0,29.0
2007-11-14,12.1,30.9,21.5,0.0,67.0,20.0
2007-11-15,10.1,31.2,20.65,0.0,45.0,16.0
2007-11-16,12.4,32.1,22.25,0.0,70.0,22.0
2007-11-17,13.8,31.2,22.5,0.0,72.0,23.0
2007-11-18,11.7,30.0,20.85,1.2,59.0,26.0
2007-11-19,12.4,32.3,22.349999999999998,0.6,60.0,25.0
2007-11-20,15.6,33.4,24.5,0.0,61.0,27.0
2007-11-21,15.3,33.4,24.35,0.0,60.0,26.0
2007-11-22,16.4,19.4,17.9,0.4,88.0,72.0
2007-11-23,12.8,18.5,15.65,25.8,91.0,79.0
2007-11-24,12.0,24.3,18.15,0.4,74.0,57.0
2007-11-25,15.4,28.4,21.9,0.0,85.0,31.0
2007-11-26,15.6,26.9,21.25,0.0,65.0,48.0
2007-11-27,13.3,22.2,17.75,0.2,70.0,55.0
2007-11-28,12.9,28.0,20.45,0.0,61.0,31.0
2007-11-29,15.1,24.3,19.7,0.0,69.0,80.0
2007-11-30,13.6,24.1,18.85,0.4,83.0,49.0
2007-12-01,15.1,20.4,17.75,22.6,82.0,90.0
2007-12-02,11.6,26.3,18.95,4.2,66.0,46.0
2007-12-03,16.6,24.2,20.4,0.2,72.0,60.0
2007-12-04,13.3,26.5,19.9,6.6,74.0,40.0
2007-12-05,14.5,21.8,18.15,0.0,69.0,63.0
2007-12-06,16.3,26.8,21.55,0.0,78.0,54.0
2007-12-07,17.2,25.8,21.5,0.0,70.0,74.0
2007-12-08,16.5,28.2,22.35,4.0,76.0,42.0
2007-12-09,15.0,29.4,22.2,0.0,78.0,24.0
2007-12-10,14.9,24.8,19.85,0.0,58.0,37.0
2007-12-11,11.8,18.5,15.15,0.6,60.0,63.0
2007-12-12,11.7,21.5,16.6,0.0,66.0,51.0
2007-12-13,9.6,20.3,14.95,0.0,70.0,49.0
2007-12-14,8.9,27.1,18.0,0.0,63.0,37.0
2007-12-15,10.1,29.9,20.0,0.0,63.0,36.0
2007-12-16,15.5,21.1,18.3,5.4,93.0,86.0
2007-12-17,10.8,21.7,16.25,1.4,59.0,40.0
2007-12-18,7.5,20.9,14.2,0.0,61.0,43.0
2007-12-19,12.8,21.0,16.9,0.0,72.0,54.0
2007-12-20,12.6,23.1,17.85,3.4,97.0,74.0
2007-12-21,14.8,29.5,22.15,6.4,81.0,48.0
2007-12-22,19.9,22.0,20.95,11.0,92.0,62.0
2007-12-23,9.2,20.4,14.799999999999999,17.4,59.0,49.0
2007-12-24,12.4,24.4,18.4,0.0,69.0,43.0
2007-12-25,11.3,21.7,16.5,3.4,67.0,52.0
2007-12-26,9.8,26.3,18.05,0.0,63.0,35.0
2007-12-27,14.3,26.7,20.5,0.0,68.0,64.0
2007-12-28,15.1,28.3,21.7,14.4,73.0,44.0
2007-12-29,14.4,31.6,23.0,0.0,65.0,30.0
2007-12-30,15.4,35.0,25.2,0.0,55.0,18.0
2007-12-31,13.8,33.5,23.65,0.0,44.0,20.0
2008-01-01,13.6,34.2,23.900000000000002,0.0,50.0,20.0
2008-01-02,14.3,35.0,24.65,0.0,43.0,14.0
2008-01-03,15.9,23.4,19.65,0.0,69.0,55.0
2008-01-04,16.7,25.3,21.0,0.0,56.0,45.0
2008-01-05,12.1,27.5,19.8,0.0,69.0,40.0
2008-01-06,14.3,34.1,24.200000000000003,0.0,77.0,34.0
2008-01-07,16.5,33.9,25.2,0.0,60.0,36.0
2008-01-08,16.5,30.3,23.4,0.0,77.0,44.0
2008-01-09,17.5,29.9,23.7,0.0,74.0,45.0
2008-01-10,14.7,34.2,24.450000000000003,0.0,64.0,25.0
2008-01-11,17.5,35.8,26.65,0.0,56.0,24.0
2008-01-12,20.9,35.7,28.3,0.0,61.0,28.0
2008-01-13,17.0,33.8,25.4,2.0,65.0,35.0
2008-01-14,16.0,22.8,19.4,0.0,70.0,57.0
2008-01-15,15.4,33.8,24.599999999999998,0.0,70.0,26.0
2008-01-16,17.9,33.2,25.55,0.0,58.0,62.0
2008-01-17,15.2,25.1,20.15,4.8,62.0,42.0
2008-01-18,15.1,20.4,17.75,0.0,63.0,55.0
2008-01-19,15.3,19.6,17.450000000000003,18.8,92.0,88.0
2008-01-20,17.2,24.7,20.95,12.2,80.0,71.0
2008-01-21,15.9,19.9,17.9,0.8,73.0,58.0
2008-01-22,10.0,22.5,16.25,0.0,55.0,46.0
2008-01-23,9.9,24.4,17.15,0.0,60.0,38.0
2008-01-24,10.3,27.8,19.05,0.0,64.0,29.0
2008-01-25,15.4,25.7,20.55,0.0,67.0,32.0
2008-01-26,12.7,28.8,20.75,0.0,70.0,28.0
2008-01-27,13.2,31.3,22.25,0.0,71.0,28.0
2008-01-28,15.3,33.2,24.25,0.0,60.0,18.0
2008-01-29,17.9,33.9,25.9,0.0,72.0,22.0
2008-01-30,18.0,34.9,26.45,0.0,68.0,29.0
2008-01-31,17.6,27.8,22.700000000000003,5.2,66.0,49.0
2008-02-01,19.5,22.4,20.95,15.6,92.0,84.0
2008-02-02,19.5,25.6,22.55,6.0,83.0,73.0
2008-02-03,21.6,24.5,23.05,6.6,88.0,86.0
2008-02-04,20.2,22.8,21.5,18.8,83.0,90.0
2008-02-05,19.7,25.7,22.7,77.4,88.0,74.0
2008-02-06,20.2,27.2,23.7,1.6,69.0,62.0
2008-02-07,14.5,24.2,19.35,0.0,76.0,76.0
2008-02-08,12.4,19.9,16.15,16.2,75.0,58.0
2008-02-09,16.4,20.8,18.6,12.6,92.0,91.0
2008-02-10,9.1,23.1,16.1,0.0,66.0,37.0
2008-02-11,16.4,23.9,20.15,0.0,78.0,53.0
2008-02-12,14.5,24.2,19.35,4.4,95.0,60.0
2008-02-13,12.6,18.2,15.399999999999999,11.0,81.0,73.0
2008-02-14,16.9,24.3,20.6,3.0,81.0,51.0
2008-02-15,18.3,24.4,21.35,0.0,80.0,56.0
2008-02-16,11.2,26.1,18.65,0.0,71.0,40.0
2008-02-17,19.5,24.8,22.15,0.0,63.0,62.0
2008-02-18,18.6,25.3,21.950000000000003,0.0,70.0,59.0
2008-02-19,11.4,27.1,19.25,0.0,69.0,38.0
2008-02-20,18.3,26.4,22.35,0.0,80.0,60.0
2008-02-21,20.6,26.8,23.700000000000003,0.0,86.0,62.0
2008-02-22,19.1,25.4,22.25,0.4,77.0,66.0
2008-02-23,12.7,25.1,18.9,0.0,57.0,32.0
2008-02-24,12.0,23.8,17.9,0.0,54.0,34.0
2008-02-25,11.5,25.9,18.7,0.0,70.0,35.0
2008-02-26,19.3,26.2,22.75,0.0,73.0,65.0
2008-02-27,19.0,29.0,24.0,22.2,82.0,52.0
2008-02-28,17.9,21.4,19.65,4.2,77.0,88.0
2008-02-29,14.7,20.6,17.65,33.0,65.0,51.0
2008-03-01,4.4,21.8,13.100000000000001,0.0,60.0,31.0
2008-03-02,14.2,23.4,18.799999999999997,5.4,93.0,54.0
2008-03-03,15.0,23.1,19.05,0.2,78.0,57.0
2008-03-04,15.5,25.4,20.45,0.0,77.0,57.0
2008-03-05,18.7,25.8,22.25,0.0,72.0,64.0
2008-03-06,12.9,31.8,22.35,0.0,76.0,24.0
2008-03-07,19.9,24.9,22.4,0.0,83.0,75.0
2008-03-08,9.5,27.4,18.45,3.0,79.0,39.0
2008-03-09,12.1,27.8,19.95,0.0,66.0,33.0
2008-03-10,12.5,31.7,22.1,0.0,74.0,28.0
2008-03-11,13.9,34.7,24.3,0.0,50.0,18.0
2008-03-12,13.3,31.7,22.5,0.2,80.0,23.0
2008-03-13,13.2,33.1,23.15,0.0,91.0,18.0
2008-03-14,12.3,33.8,23.049999999999997,0.0,57.0,15.0
2008-03-15,19.3,26.1,22.700000000000003,0.0,80.0,64.0
2008-03-16,11.3,32.3,21.799999999999997,0.0,44.0,17.0
2008-03-17,19.5,25.7,22.6,0.0,82.0,60.0
2008-03-18,19.0,26.7,22.85,0.0,73.0,58.0
2008-03-19,19.9,26.9,23.4,0.0,70.0,60.0
2008-03-20,19.7,28.1,23.9,0.0,70.0,58.0
2008-03-21,13.0,14.8,13.9,0.0,77.0,62.0
2008-03-22,11.6,19.6,15.600000000000001,0.0,71.0,64.0
2008-03-23,16.3,24.8,20.55,0.4,82.0,57.0
2008-03-24,15.5,22.4,18.95,0.6,89.0,68.0
2008-03-25,19.8,27.5,23.65,0.4,81.0,58.0
2008-03-26,12.6,20.2,16.4,19.8,76.0,50.0
2008-03-27,4.4,18.3,11.350000000000001,0.0,80.0,36.0
2008-03-28,4.4,18.2,11.3,0.0,78.0,35.0
2008-03-29,14.4,22.9,18.65,0.2,85.0,65.0
2008-03-30,4.2,18.9,11.549999999999999,0.0,60.0,34.0
2008-03-31,13.5,25.6,19.55,0.0,57.0,31.0
2008-04-01,13.7,23.9,18.799999999999997,0.0,55.0,54.0
2008-04-02,14.1,28.7,21.4,0.0,75.0,34.0
2008-04-03,16.4,22.2,19.299999999999997,0.0,42.0,21.0
2008-04-04,0.4,18.9,9.649999999999999,0.0,77.0,33.0
2008-04-05,11.6,22.7,17.15,0.0,71.0,50.0
2008-04-06,5.9,21.8,13.850000000000001,0.0,70.0,35.0
2008-04-07,15.3,22.0,18.65,12.0,83.0,70.0
2008-04-08,6.9,18.9,12.899999999999999,0.0,68.0,45.0
2008-04-09,5.6,19.5,12.55,0.0,69.0,49.0
2008-04-10,7.2,22.9,15.049999999999999,0.0,82.0,28.0
2008-04-11,7.1,23.4,15.25,0.0,72.0,29.0
2008-04-12,6.1,24.1,15.100000000000001,0.0,75.0,32.0
2008-04-13,7.1,19.8,13.45,2.0,96.0,56.0
2008-04-14,5.6,18.0,11.8,5.2,70.0,40.0
2008-04-15,5.4,20.7,13.05,0.0,66.0,36.0
2008-04-16,13.8,20.9,17.35,1.4,78.0,85.0
2008-04-17,14.9,19.7,17.3,4.6,91.0,72.0
2008-04-18,15.3,20.0,17.65,6.4,94.0,75.0
2008-04-19,15.9,21.4,18.65,5.0,51.0,61.0
2008-04-20,8.1,18.7,13.399999999999999,0.0,66.0,65.0
2008-04-21,14.7,19.3,17.0,21.8,91.0,70.0
2008-04-22,5.6,18.9,12.25,0.0,79.0,49.0
2008-04-23,7.5,19.0,13.25,0.0,74.0,43.0
2008-04-24,14.7,20.0,17.35,15.6,93.0,80.0
2008-04-25,16.8,21.2,19.0,5.4,55.0,69.0
2008-04-26,3.8,21.7,12.75,0.2,99.0,34.0
2008-04-27,15.6,26.1,20.85,0.0,51.0,28.0
2008-04-28,4.3,11.3,7.800000000000001,7.2,75.0,60.0
2008-04-29,-2.1,13.8,5.8500000000000005,0.2,69.0,40.0
2008-04-30,-1.8,14.8,6.5,0.0,80.0,40.0
2008-05-01,3.8,13.8,8.8,0.0,67.0,54.0
2008-05-02,2.1,17.3,9.700000000000001,0.0,81.0,38.0
2008-05-03,0.5,17.1,8.8,0.0,74.0,42.0
2008-05-04,9.4,20.3,14.850000000000001,0.0,64.0,47.0
2008-05-05,9.4,22.3,15.850000000000001,0.0,71.0,34.0
2008-05-06,11.8,23.6,17.700000000000003,0.0,74.0,48.0
2008-05-07,13.0,23.0,18.0,0.0,57.0,44.0
2008-05-08,-0.2,18.1,8.950000000000001,0.0,80.0,44.0
2008-05-09,11.0,21.9,16.45,0.0,75.0,60.0
2008-05-10,12.6,21.3,16.95,0.0,86.0,67.0
2008-05-11,8.3,17.4,12.85,0.0,80.0,52.0
2008-05-12,9.4,19.2,14.3,0.0,73.0,47.0
2008-05-13,1.3,19.0,10.15,0.0,87.0,34.0
2008-05-14,11.2,20.6,15.9,0.0,82.0,64.0
2008-05-15,-0.4,17.9,8.75,0.0,80.0,40.0
2008-05-16,4.5,16.0,10.25,1.8,88.0,69.0
2008-05-17,7.9,12.3,10.100000000000001,1.0,68.0,78.0
2008-05-18,4.3,14.1,9.2,0.8,71.0,53.0
2008-05-19,10.7,20.5,15.6,0.0,58.0,36.0
2008-05-20,0.3,17.0,8.65,0.0,99.0,52.0
2008-05-21,3.8,17.4,10.6,0.0,81.0,47.0
2008-05-22,2.4,14.7,8.549999999999999,0.0,74.0,43.0
2008-05-23,11.0,18.4,14.7,0.0,76.0,53.0
2008-05-24,11.4,20.1,15.75,0.0,71.0,39.0
2008-05-25,-0.3,17.5,8.6,0.0,81.0,48.0
2008-05-26,10.9,21.1,16.0,0.4,81.0,58.0
2008-05-27,4.9,18.1,11.5,5.2,93.0,55.0
2008-05-28,11.0,19.2,15.1,0.0,80.0,74.0
2008-05-29,11.0,18.6,14.8,1.0,86.0,76.0
2008-05-30,10.9,21.0,15.95,0.2,87.0,58.0
2008-05-31,10.8,20.1,15.450000000000001,0.0,90.0,61.0
2008-06-01,11.6,20.5,16.05,0.2,91.0,74.0
2008-06-02,4.6,15.7,10.149999999999999,0.0,85.0,67.0
2008-06-03,9.8,14.4,12.100000000000001,0.8,99.0,86.0
2008-06-04,10.6,15.1,12.85,3.8,78.0,65.0
2008-06-05,15.2,16.9,16.049999999999997,46.4,82.0,84.0
2008-06-06,14.7,17.4,16.049999999999997,12.4,81.0,70.0
2008-06-07,-0.2,15.5,7.65,0.0,86.0,42.0
2008-06-08,12.7,17.7,15.2,6.0,97.0,71.0
2008-06-09,13.0,16.9,14.95,3.6,96.0,89.0
2008-06-10,8.6,13.7,11.149999999999999,6.2,97.0,94.0
2008-06-11,10.2,15.0,12.6,4.8,90.0,65.0
2008-06-12,13.7,22.1,17.9,5.4,97.0,64.0
2008-06-13,8.7,13.0,10.85,0.6,82.0,58.0
2008-06-14,1.0,11.8,6.4,0.0,73.0,49.0
2008-06-15,2.1,14.7,8.4,0.0,72.0,57.0
2008-06-16,13.3,16.8,15.05,7.2,86.0,83.0
2008-06-17,5.4,15.5,10.45,0.0,80.0,58.0
2008-06-18,13.6,19.4,16.5,0.0,90.0,69.0
2008-06-19,4.0,15.9,9.95,0.0,95.0,63.0
2008-06-20,13.8,17.9,15.85,3.6,81.0,60.0
2008-06-21,11.6,18.5,15.05,2.2,66.0,40.0
2008-06-22,9.7,17.3,13.5,0.0,61.0,54.0
2008-06-23,0.9,12.9,6.9,0.0,92.0,53.0
2008-06-24,9.2,19.2,14.2,0.0,72.0,45.0
2008-06-25,9.9,19.6,14.75,0.0,69.0,43.0
2008-06-26,6.3,11.8,9.05,0.0,81.0,48.0
2008-06-27,3.5,14.3,8.9,0.0,71.0,51.0
2008-06-28,7.9,18.7,13.3,0.0,68.0,43.0
2008-06-29,1.2,16.0,8.6,0.0,84.0,38.0
2008-06-30,9.2,22.1,15.65,0.0,47.0,35.0
2008-07-01,10.3,19.6,14.950000000000001,0.2,45.0,34.0
2008-07-02,6.4,20.7,13.55,0.0,80.0,39.0
2008-07-03,5.5,12.4,8.95,3.0,55.0,53.0
2008-07-04,17.3,30.7,24.0,0.0,55.0,16.0
2008-07-05,-0.1,14.2,7.05,0.0,81.0,55.0
2008-07-06,5.5,15.4,10.45,0.0,68.0,48.0
2008-07-07,11.5,14.3,12.9,0.0,73.0,63.0
2008-07-08,14.5,17.4,15.95,24.2,94.0,73.0
2008-07-09,6.9,13.3,10.100000000000001,0.0,57.0,43.0
2008-07-10,10.3,19.7,15.0,0.2,47.0,34.0
2008-07-11,8.2,14.0,11.1,0.2,70.0,43.0
2008-07-12,7.9,21.1,14.5,0.0,60.0,48.0
2008-07-13,12.0,22.8,17.4,0.0,72.0,69.0
2008-07-14,2.7,16.5,9.6,0.0,93.0,51.0
2008-07-15,9.0,17.1,13.05,0.0,62.0,90.0
2008-07-16,6.3,14.1,10.2,0.2,74.0,52.0
2008-07-17,-1.8,11.5,4.85,0.0,99.0,55.0
2008-07-18,10.4,17.9,14.149999999999999,20.6,57.0,50.0
2008-07-19,9.3,18.1,13.700000000000001,14.8,44.0,47.0
2008-07-20,9.9,12.0,10.95,9.0,67.0,91.0
2008-07-21,3.3,8.0,5.65,3.2,80.0,74.0
2008-07-22,7.2,15.1,11.15,0.0,52.0,31.0
2008-07-23,6.6,11.9,9.25,0.8,85.0,77.0
2008-07-24,2.7,12.8,7.75,0.0,75.0,45.0
2008-07-25,12.5,18.9,15.7,22.4,86.0,67.0
2008-07-26,7.1,13.8,10.45,15.3,90.0,57.0
2008-07-27,6.6,10.2,8.399999999999999,8.2,91.0,80.0
2008-07-28,6.0,13.8,9.9,1.6,71.0,61.0
2008-07-29,4.9,13.0,8.95,0.0,51.0,45.0
2008-07-30,4.4,15.2,9.8,0.0,76.0,41.0
2008-07-31,3.7,21.3,12.5,0.0,47.0,29.0
2008-08-01,3.0,9.7,6.35,1.0,64.0,82.0
2008-08-02,12.3,21.8,17.05,0.0,48.0,26.0
2008-08-03,8.5,21.3,14.9,0.0,47.0,45.0
2008-08-04,17.5,34.7,26.1,0.0,77.0,45.0
2008-08-05,6.4,15.0,10.7,16.2,95.0,75.0
2008-08-06,7.2,16.6,11.9,0.0,89.0,43.0
2008-08-07,-0.6,11.1,5.25,0.0,89.0,78.0
2008-08-08,4.4,14.7,9.55,0.4,61.0,41.0
2008-08-09,6.9,17.3,12.100000000000001,0.0,56.0,37.0
2008-08-10,6.7,15.6,11.15,0.0,62.0,38.0
2008-08-11,4.5,18.7,11.6,0.0,34.0,16.0
2008-08-12,6.8,14.0,10.4,0.8,92.0,67.0
2008-08-13,8.4,17.4,12.899999999999999,0.0,49.0,34.0
2008-08-14,7.4,14.1,10.75,0.2,75.0,65.0
2008-08-15,19.8,33.8,26.799999999999997,0.0,26.0,13.0
2008-08-16,10.5,18.0,14.25,0.0,48.0,42.0
2008-08-17,7.8,12.9,10.35,4.2,83.0,56.0
2008-08-18,5.5,14.9,10.2,0.0,85.0,55.0
2008-08-19,5.5,18.2,11.85,0.0,77.0,75.0
2008-08-20,6.9,15.8,11.350000000000001,0.7,70.5,62.0
2008-08-21,8.3,13.4,10.850000000000001,1.4,64.0,49.0
2008-08-22,19.4,34.7,27.05,0.0,67.0,25.0
2008-08-23,2.3,11.6,6.949999999999999,0.0,49.0,38.0
2008-08-24,7.5,21.6,14.55,0.0,47.0,40.0
2008-08-25,5.0,20.1,12.55,0.0,79.0,59.0
2008-08-26,10.9,22.3,16.6,0.0,66.0,48.0
2008-08-27,22.0,34.2,28.1,0.0,63.0,43.0
2008-08-28,8.8,16.9,12.85,2.4,85.0,59.0
2008-08-29,22.4,33.0,27.7,0.0,70.0,44.0
2008-08-30,3.8,16.9,10.35,0.2,52.0,41.0
2008-08-31,8.7,18.5,13.6,0.0,68.0,51.0
2008-09-01,10.4,21.0,15.7,0.2,54.0,41.0
2008-09-02,12.9,23.0,17.95,0.0,64.0,57.0
2008-09-03,9.5,16.8,13.15,0.0,52.0,37.0
2008-09-04,15.6,19.7,17.65,6.0,90.0,92.0
2008-09-05,15.0,23.2,19.1,41.6,78.0,86.0
2008-09-06,6.0,19.2,12.6,0.0,57.0,28.0
2008-09-07,5.7,20.1,12.9,0.0,57.0,41.0
2008-09-08,8.3,18.0,13.15,1.0,58.0,48.0
2008-09-09,-3.7,14.7,5.5,0.0,53.0,25.0
2008-09-10,21.0,37.0,29.0,0.0,63.0,24.0
2008-09-11,5.8,20.0,12.9,0.8,51.0,43.0
2008-09-12,16.1,25.0,20.55,0.0,66.0,60.0
2008-09-13,10.9,21.0,15.95,2.2,50.0,38.0
2008-09-14,17.0,24.5,20.75,0.2,61.0,60.0
2008-09-15,8.3,14.7,11.5,2.8,81.0,43.0
2008-09-16,12.3,19.8,16.05,0.0,30.0,25.0
2008-09-17,3.3,16.8,10.05,0.2,55.0,37.0
2008-09-18,1.1,18.0,9.55,0.0,82.0,36.0
2008-09-19,10.0,21.4,15.7,0.0,42.0,36.0
2008-09-20,23.9,33.3,28.599999999999998,0.0,59.0,56.0
2008-09-21,4.7,19.5,12.1,0.0,42.0,25.0
2008-09-22,11.8,16.5,14.15,0.0,50.0,88.0
2008-09-23,5.7,23.5,14.6,0.0,39.0,23.0
2008-09-24,23.9,33.3,28.599999999999998,5.2,77.0,43.0
2008-09-25,15.2,16.5,15.85,21.0,93.0,92.0
2008-09-26,10.2,18.2,14.2,14.2,71.0,57.0
2008-09-27,11.0,25.3,18.15,0.0,61.0,50.0
2008-09-28,19.8,32.9,26.35,0.0,35.0,62.0
2008-09-29,4.9,18.9,11.899999999999999,0.0,41.0,32.0
2008-09-30,8.3,17.5,12.9,0.0,47.0,35.0
2008-10-01,13.4,24.9,19.15,0.0,59.0,51.0
2008-10-02,18.9,31.1,25.0,0.0,44.0,39.0
2008-10-03,22.5,34.8,28.65,0.0,41.0,20.0
2008-10-04,8.1,17.3,12.7,0.2,46.0,42.0
2008-10-05,3.4,19.0,11.2,0.4,44.0,35.0
2008-10-06,25.6,36.1,30.85,0.0,61.0,40.0
2008-10-07,9.7,20.6,15.15,0.4,51.0,42.0
2008-10-08,25.2,34.3,29.75,18.8,69.0,48.0
2008-10-09,25.3,33.5,29.4,0.0,66.0,55.0
2008-10-10,11.1,25.6,18.35,0.0,56.0,44.0
2008-10-11,9.7,27.9,18.799999999999997,0.0,62.0,18.0
2008-10-12,4.5,23.9,14.2,0.0,67.0,27.0
2008-10-13,6.3,22.1,14.200000000000001,0.0,56.0,42.0
2008-10-14,12.2,29.5,20.85,0.0,46.0,25.0
2008-10-15,9.9,20.1,15.0,0.0,68.0,46.0
2008-10-16,11.8,22.1,16.950000000000003,0.0,64.0,42.0
2008-10-17,24.5,30.1,27.3,0.4,85.0,75.0
2008-10-18,12.3,23.2,17.75,0.0,53.0,44.0
2008-10-19,11.4,18.9,15.149999999999999,0.0,61.0,20.0
2008-10-20,10.4,20.7,15.55,0.0,51.0,30.0
2008-10-21,5.5,14.1,9.8,0.0,47.0,77.0
2008-10-22,4.8,11.1,7.949999999999999,11.8,66.0,50.0
2008-10-23,18.4,31.1,24.75,0.0,51.0,47.0
2008-10-24,12.3,24.3,18.3,0.0,44.0,40.0
2008-10-25,26.3,33.6,29.950000000000003,0.0,65.0,53.0
2008-10-26,21.5,30.5,26.0,0.0,30.0,20.0
2008-10-27,12.0,30.6,21.3,0.0,48.0,49.0
2008-10-28,9.1,24.1,16.6,0.0,53.0,34.0
2008-10-29,24.2,33.8,29.0,0.0,57.0,47.0
2008-10-30,15.1,25.8,20.45,7.6,92.0,70.0
2008-10-31,25.0,34.0,29.5,0.0,63.0,49.0
2008-11-01,6.6,16.4,11.5,0.6,51.0,59.0
2008-11-02,8.2,19.3,13.75,0.0,64.0,57.0
2008-11-03,13.6,19.5,16.55,0.0,66.0,39.0
2008-11-04,4.9,16.5,10.7,2.8,46.0,35.0
2008-11-05,4.3,15.0,9.65,0.0,48.0,44.0
2008-11-06,26.0,35.1,30.55,0.0,67.0,51.0
2008-11-07,26.5,35.2,30.85,0.0,72.0,41.0
2008-11-08,12.8,19.7,16.25,7.6,60.0,40.0
2008-11-09,24.6,35.5,30.05,0.0,67.0,54.0
2008-11-10,14.2,26.3,20.25,0.0,65.0,50.0
2008-11-11,12.9,32.0,22.45,0.0,64.0,33.0
2008-11-12,12.9,22.5,17.7,0.0,59.0,38.0
2008-11-13,20.7,34.2,27.450000000000003,0.0,23.0,16.0
2008-11-14,11.9,24.4,18.15,0.0,49.0,28.0
2008-11-15,15.7,27.3,21.5,3.2,47.0,17.0
2008-11-16,25.6,35.0,30.3,0.0,73.0,46.0
2008-11-17,15.5,20.9,18.2,0.0,60.0,50.0
2008-11-18,9.2,19.1,14.15,0.0,69.0,64.0
2008-11-19,11.0,29.5,20.25,0.0,46.0,36.0
2008-11-20,18.4,29.2,23.799999999999997,79.4,68.0,65.0
2008-11-21,16.7,27.7,22.2,0.2,34.0,46.0
2008-11-22,13.6,23.6,18.6,0.2,64.0,89.0
2008-11-23,9.5,15.9,12.7,1.2,64.0,53.0
2008-11-24,13.9,21.8,17.85,1.8,72.0,50.0
2008-11-25,10.3,19.5,14.9,0.0,46.0,37.0
2008-11-26,16.4,21.8,19.1,0.0,55.0,55.0
2008-11-27,17.4,30.6,24.0,0.0,47.0,36.0
2008-11-28,13.1,23.9,18.5,0.2,65.0,36.0
2008-11-29,19.3,23.3,21.3,10.8,92.0,79.0
2008-11-30,18.9,30.2,24.549999999999997,3.4,37.0,29.0
2008-12-01,17.0,31.3,24.15,0.0,52.0,41.0
2008-12-02,9.4,18.3,13.850000000000001,4.0,60.0,46.0
2008-12-03,22.9,40.9,31.9,0.0,17.0,11.0
2008-12-04,17.0,24.2,20.6,0.8,67.0,52.0
2008-12-05,14.6,29.5,22.05,0.4,82.0,35.0
2008-12-06,14.1,27.6,20.85,0.0,55.0,41.0
2008-12-07,6.7,20.4,13.549999999999999,0.4,59.0,37.0
2008-12-08,2.9,23.1,13.0,0.2,64.0,30.0
2008-12-09,19.5,27.6,23.55,0.2,63.0,63.0
2008-12-10,9.8,23.2,16.5,3.2,62.0,30.0
2008-12-11,7.0,21.8,14.4,0.0,63.0,41.0
2008-12-12,12.6,21.8,17.2,4.6,91.0,90.0
2008-12-13,13.1,13.9,13.5,53.6,99.0,99.0
2008-12-14,23.1,32.9,28.0,0.0,40.0,27.0
2008-12-15,8.4,24.6,16.5,0.0,57.0,32.0
2008-12-16,13.6,31.7,22.65,0.0,21.0,15.0
2008-12-17,14.8,31.6,23.200000000000003,0.0,69.0,30.0
2008-12-18,14.1,20.3,17.2,1.4,85.0,61.0
2008-12-19,24.5,35.2,29.85,0.0,32.0,19.0
2008-12-20,5.5,21.4,13.45,0.0,76.0,44.0
2008-12-21,19.9,39.3,29.599999999999998,0.0,11.0,12.0
2008-12-22,17.1,33.0,25.05,0.0,38.0,28.0
2008-12-23,12.0,21.2,16.6,0.0,67.0,65.0
2008-12-24,8.0,14.7,11.35,0.4,100.0,99.0
2008-12-25,17.6,27.8,22.700000000000003,0.6,99.0,56.0
2008-12-26,19.2,29.4,24.299999999999997,0.0,87.0,63.0
2008-12-27,16.9,33.0,24.95,0.0,41.0,28.0
2008-12-28,17.2,34.9,26.049999999999997,1.8,79.0,34.0
2008-12-29,24.2,31.4,27.799999999999997,35.0,78.0,73.0
2008-12-30,16.4,27.7,22.049999999999997,2.6,78.0,77.0
2008-12-31,13.2,23.4,18.299999999999997,0.0,41.0,32.0
2009-01-01,12.0,26.5,19.25,0.0,41.0,29.0
2009-01-02,15.1,28.8,21.95,0.0,65.0,48.0
2009-01-03,16.9,23.2,20.049999999999997,0.0,52.0,50.0
2009-01-04,14.8,25.0,19.9,0.8,62.0,45.0
2009-01-05,18.5,25.9,22.2,0.0,73.0,73.0
2009-01-06,24.3,32.4,28.35,7.4,80.0,63.0
2009-01-07,20.9,29.8,25.35,0.0,62.0,57.0
2009-01-08,9.7,18.4,14.049999999999999,0.2,51.0,42.0
2009-01-09,10.9,18.0,14.45,0.0,56.0,51.0
2009-01-10,17.5,33.9,25.7,0.0,38.0,11.0
2009-01-11,24.0,32.4,28.2,9.8,74.0,65.0
2009-01-12,18.5,24.0,21.25,0.8,81.0,72.0
2009-01-13,13.9,37.8,25.849999999999998,0.0,61.0,12.0
2009-01-14,16.7,35.2,25.950000000000003,0.0,67.0,33.0
2009-01-15,14.75,32.5,23.625,0.0,60.0,27.0
2009-01-16,12.8,29.8,21.3,0.0,53.0,21.0
2009-01-17,8.850000000000001,29.4,19.125,0.0,53.0,23.0
2009-01-18,4.9,29.0,16.95,0.0,53.0,25.0
2009-01-19,21.4,37.5,29.45,0.0,34.0,29.0
2009-01-20,18.7,26.6,22.65,0.0,74.0,70.0
2009-01-21,20.5,38.8,29.65,0.0,69.0,40.0
2009-01-22,18.2,35.6,26.9,0.0,57.0,12.0
2009-01-23,25.2,31.0,28.1,3.4,81.0,73.0
2009-01-24,24.1,41.8,32.95,0.0,52.0,37.0
2009-01-25,7.0,21.3,14.15,0.2,63.0,64.0
2009-01-26,23.8,39.9,31.85,0.0,50.0,16.0
2009-01-27,21.3,33.4,27.35,0.0,53.0,38.0
2009-01-28,20.2,30.8,25.5,0.0,81.0,51.0
2009-01-29,23.1,26.3,24.700000000000003,21.6,85.0,91.0
2009-01-30,9.8,24.7,17.25,0.0,64.0,60.0
2009-01-31,14.75,29.0,21.875,0.0,67.5,51.5
2009-02-01,19.7,33.3,26.5,0.0,71.0,43.0
2009-02-02,26.8,43.5,35.15,0.0,25.0,10.0
2009-02-03,21.9,28.3,25.1,0.0,59.0,63.0
2009-02-04,22.1,38.1,30.1,0.0,50.0,26.0
2009-02-05,17.3,33.2,25.25,0.0,51.0,36.0
2009-02-06,16.5,38.8,27.65,0.0,57.5,21.5
2009-02-07,15.7,44.4,30.049999999999997,0.0,64.0,7.0
2009-02-08,19.8,36.1,27.950000000000003,0.0,63.0,25.0
2009-02-09,21.0,31.200000000000003,26.1,10.3,74.0,52.5
2009-02-10,22.2,26.3,24.25,20.6,85.0,80.0
2009-02-11,7.9,17.6,12.75,0.0,72.0,92.0
2009-02-12,8.6,16.3,12.45,2.0,56.0,51.0
2009-02-13,21.5,29.4,25.45,0.0,64.0,45.0
2009-02-14,18.8,29.1,23.950000000000003,0.2,44.0,39.0
2009-02-15,19.3,29.0,24.15,21.0,68.0,60.0
2009-02-16,16.2,25.0,20.6,23.4,78.0,56.0
2009-02-17,18.2,33.2,25.700000000000003,0.0,47.0,19.0
2009-02-18,12.7,30.4,21.549999999999997,0.0,66.0,30.0
2009-02-19,23.9,28.1,26.0,0.0,86.0,79.0
2009-02-20,22.9,35.3,29.099999999999998,0.0,35.0,15.0
2009-02-21,14.3,28.8,21.55,0.0,57.0,28.0
2009-02-22,15.5,33.2,24.35,0.0,49.0,23.0
2009-02-23,18.3,35.2,26.75,0.0,46.0,12.0
2009-02-24,17.8,25.8,21.8,0.0,78.0,75.0
2009-02-25,12.9,30.0,21.45,0.0,37.0,12.0
2009-02-26,10.0,32.7,21.35,0.0,76.0,16.0
2009-02-27,19.9,33.5,26.7,0.0,55.0,22.0
2009-02-28,16.0,34.5,25.25,0.0,44.0,14.0
2009-03-01,21.2,33.6,27.4,0.0,53.0,58.0
2009-03-02,22.2,32.0,27.1,0.0,61.0,53.0
2009-03-03,18.5,29.0,23.75,0.0,83.0,48.0
2009-03-04,12.5,17.5,15.0,10.0,56.0,58.0
2009-03-05,10.4,22.3,16.35,0.0,41.0,24.0
2009-03-06,10.1,19.9,15.0,0.4,59.0,42.0
2009-03-07,17.7,26.3,22.0,0.0,77.0,58.0
2009-03-08,13.6,25.5,19.55,0.0,70.0,40.0
2009-03-09,18.2,24.5,21.35,36.8,94.0,69.0
2009-03-10,11.7,17.7,14.7,0.0,76.0,56.0
2009-03-11,14.7,28.2,21.45,0.0,67.0,33.0
2009-03-12,15.2,27.95,21.575,0.1,76.0,43.0
2009-03-13,15.7,27.7,21.7,0.2,85.0,53.0
2009-03-14,19.2,28.0,23.6,6.0,73.0,60.0
2009-03-15,10.2,17.9,14.049999999999999,0.0,88.0,68.0
2009-03-16,11.4,20.7,16.05,0.0,57.0,51.0
2009-03-17,12.7,18.0,15.35,0.6,70.0,67.0
2009-03-18,10.2,28.3,19.25,0.0,64.0,20.0
2009-03-19,9.0,28.3,18.65,0.0,62.0,17.0
2009-03-20,14.4,28.4,21.4,0.0,89.0,50.0
2009-03-21,13.8,33.6,23.700000000000003,0.0,47.0,17.0
2009-03-22,17.5,28.6,23.05,0.0,76.0,33.0
2009-03-23,14.2,29.8,22.0,0.2,92.0,36.0
2009-03-24,16.8,33.0,24.9,0.0,59.0,24.0
2009-03-25,14.3,30.7,22.5,0.0,49.0,26.0
2009-03-26,21.9,37.3,29.599999999999998,0.0,24.0,16.0
2009-03-27,20.6,23.5,22.05,0.4,69.0,59.0
2009-03-28,25.1,33.3,29.2,0.0,73.0,39.0
2009-03-29,23.4,30.7,27.049999999999997,0.2,65.0,58.0
2009-03-30,18.9,31.0,24.95,0.0,56.0,55.0
2009-03-31,21.4,25.3,23.35,0.2,60.0,66.0
2009-04-01,15.0,30.2,22.6,0.0,49.0,27.0
2009-04-02,16.8,28.65,22.725,1.2,73.5,46.5
2009-04-03,18.6,27.1,22.85,2.4,98.0,66.0
2009-04-04,8.3,21.7,15.0,0.0,72.0,32.0
2009-04-05,17.1,22.8,19.950000000000003,0.0,72.0,67.0
2009-04-06,20.4,27.1,23.75,2.0,99.0,75.0
2009-04-07,23.4,32.4,27.9,0.0,62.0,57.0
2009-04-08,11.3,21.5,16.4,0.8,74.0,72.0
2009-04-09,8.1,25.7,16.9,0.0,67.0,27.0
2009-04-10,17.0,35.5,26.25,0.0,51.0,17.0
2009-04-11,6.3,21.3,13.8,0.0,83.0,48.0
2009-04-12,13.4,25.5,19.45,0.0,84.0,39.0
2009-04-13,8.0,26.5,17.25,0.0,46.0,18.0
2009-04-14,21.3,27.7,24.5,42.6,76.0,73.0
2009-04-15,16.9,26.5,21.7,7.0,76.0,55.0
2009-04-16,8.9,23.9,16.4,0.0,61.0,37.0
2009-04-17,12.9,31.3,22.1,0.0,44.0,27.0
2009-04-18,11.8,16.8,14.3,1.4,92.0,82.0
2009-04-19,25.9,33.3,29.599999999999998,0.4,85.0,50.0
2009-04-20,14.9,27.3,21.1,0.0,80.0,50.0
2009-04-21,11.9,24.0,17.95,0.0,52.0,33.0
2009-04-22,20.2,30.2,25.2,0.0,57.0,48.0
2009-04-23,14.2,20.6,17.4,3.2,69.0,63.0
2009-04-24,14.0,16.9,15.45,1.2,97.0,97.0
2009-04-25,14.5,19.0,16.75,4.8,79.0,70.0
2009-04-26,7.0,13.3,10.15,16.8,72.0,87.0
2009-04-27,11.1,19.6,15.350000000000001,10.8,75.0,70.0
2009-04-28,13.2,29.0,21.1,0.0,61.0,29.0
2009-04-29,17.2,28.6,22.9,0.0,40.0,32.0
2009-04-30,-1.3,15.1,6.8999999999999995,0.0,61.0,26.0
2009-05-01,-0.3,7.9,3.8000000000000003,0.0,78.0,56.0
2009-05-02,10.2,18.4,14.299999999999999,0.0,74.0,51.0
2009-05-03,10.6,22.4,16.5,0.0,68.0,45.0
2009-05-04,6.7,16.8,11.75,0.0,83.0,53.0
2009-05-05,4.5,17.7,11.1,0.0,78.0,52.0
2009-05-06,15.9,20.1,18.0,0.0,64.0,68.0
2009-05-07,-0.4,17.3,8.450000000000001,0.0,98.0,40.0
2009-05-08,7.0,23.1,15.05,0.0,65.0,45.0
2009-05-09,6.7,22.2,14.45,0.0,84.0,41.0
2009-05-10,13.3,18.1,15.700000000000001,0.2,87.0,65.0
2009-05-11,13.5,18.5,16.0,13.0,76.0,69.0
2009-05-12,20.3,27.3,23.8,6.8,86.0,80.0
2009-05-13,10.4,21.3,15.850000000000001,0.0,80.0,39.0
2009-05-14,10.5,16.1,13.3,2.4,81.0,71.0
2009-05-15,12.5,18.4,15.45,0.0,73.0,61.0
2009-05-16,12.4,16.4,14.399999999999999,1.8,82.0,54.0
2009-05-17,7.5,23.5,15.5,0.0,87.0,34.0
2009-05-18,7.2,23.9,15.549999999999999,0.0,49.0,29.0
2009-05-19,17.0,21.4,19.2,56.6,92.0,65.0
2009-05-20,12.6,21.7,17.15,13.2,62.0,89.0
2009-05-21,6.3,16.5,11.4,0.0,100.0,72.0
2009-05-22,16.1,20.5,18.3,3.6,76.0,70.0
2009-05-23,7.3,19.3,13.3,0.0,68.0,50.0
2009-05-24,16.8,22.7,19.75,2.2,68.0,65.0
2009-05-25,13.6,20.3,16.95,0.0,82.0,61.0
2009-05-26,12.8,18.4,15.6,4.0,77.0,58.0
2009-05-27,21.9,32.0,26.95,0.0,62.0,36.0
2009-05-28,11.7,19.0,15.35,2.0,99.0,70.0
2009-05-29,10.0,21.0,15.5,0.0,77.0,63.0
2009-05-30,6.8,17.7,12.25,0.0,74.0,52.0
2009-05-31,-0.2,12.9,6.3500000000000005,0.0,93.0,60.0
2009-06-01,10.7,14.2,12.45,10.2,99.0,93.0
2009-06-02,8.4,13.4,10.9,1.4,78.0,75.0
2009-06-03,13.6,18.7,16.15,0.4,64.0,76.0
2009-06-04,15.2,22.7,18.95,1.4,93.0,68.0
2009-06-05,7.3,19.1,13.200000000000001,0.6,85.0,60.0
2009-06-06,10.0,12.3,11.15,3.2,97.0,92.0
2009-06-07,4.0,13.6,8.8,3.4,100.0,93.0
2009-06-08,18.4,28.4,23.4,0.0,87.0,65.0
2009-06-09,8.5,23.3,15.9,0.0,51.0,26.0
2009-06-10,9.2,15.2,12.2,0.0,69.0,37.0
2009-06-11,0.2,12.1,6.1499999999999995,0.0,79.0,46.0
2009-06-12,7.6,17.3,12.45,0.0,60.0,46.0
2009-06-13,4.8,17.6,11.200000000000001,0.0,78.0,49.0
2009-06-14,16.2,27.1,21.65,0.0,72.0,54.0
2009-06-15,9.7,17.9,13.799999999999999,0.0,88.0,49.0
2009-06-16,7.7,19.5,13.6,10.6,56.0,45.0
2009-06-17,5.6,17.3,11.45,0.0,80.0,48.0
2009-06-18,13.0,18.5,15.75,2.4,92.0,70.0
2009-06-19,-0.7,14.3,6.800000000000001,0.0,86.0,45.0
2009-06-20,7.8,16.4,12.1,1.4,99.0,97.0
2009-06-21,11.7,19.1,15.4,31.8,93.0,82.0
2009-06-22,3.9,16.4,10.149999999999999,0.0,54.0,39.0
2009-06-23,4.4,10.6,7.5,0.2,99.0,81.0
2009-06-24,8.4,15.7,12.05,2.2,91.0,76.0
2009-06-25,20.3,32.4,26.35,0.0,75.0,51.0
2009-06-26,3.3,16.3,9.8,4.4,99.0,62.0
2009-06-27,9.2,16.4,12.799999999999999,0.0,75.0,83.0
2009-06-28,13.5,29.3,21.4,0.0,31.0,35.0
2009-06-29,4.7,15.1,9.9,0.6,92.0,73.0
2009-06-30,9.1,16.1,12.600000000000001,2.0,78.0,73.0
2009-07-01,21.5,34.0,27.75,0.0,80.0,47.0
2009-07-02,8.9,18.9,13.899999999999999,0.0,63.0,39.0
2009-07-03,9.8,16.7,13.25,0.0,46.0,42.0
2009-07-04,7.7,17.0,12.35,0.0,57.0,40.0
2009-07-05,2.4,11.8,7.1000000000000005,0.0,61.0,51.0
2009-07-06,7.4,12.2,9.8,0.2,79.0,62.0
2009-07-07,2.9,10.8,6.8500000000000005,1.0,78.0,49.0
2009-07-08,0.9,14.1,7.5,0.0,68.0,45.0
2009-07-09,8.8,17.2,13.0,1.8,90.0,58.0
2009-07-10,13.0,20.4,16.7,0.0,62.0,51.0
2009-07-11,9.1,16.4,12.75,0.0,94.0,58.0
2009-07-12,5.5,18.2,11.85,9.6,78.0,35.0
2009-07-13,7.9,17.8,12.850000000000001,0.0,64.0,51.0
2009-07-14,6.6,14.4,10.5,4.2,97.0,74.0
2009-07-15,5.5,21.6,13.55,0.0,62.0,25.0
2009-07-16,-0.6,13.4,6.4,0.0,95.0,57.0
2009-07-17,9.8,16.3,13.05,1.0,69.0,54.0
2009-07-18,-1.7,13.1,5.7,0.0,86.0,58.0
2009-07-19,8.4,14.9,11.65,55.0,59.0,56.0
2009-07-20,3.4,12.8,8.1,3.2,84.0,51.0
2009-07-21,8.9,15.9,12.4,18.6,73.0,75.0
2009-07-22,7.9,9.9,8.9,4.6,92.0,77.0
2009-07-23,7.2,11.9,9.55,9.4,84.0,71.0
2009-07-24,4.0,17.0,10.5,0.0,72.0,46.0
2009-07-25,4.4,18.8,11.600000000000001,0.0,94.0,38.0
2009-07-26,2.7,15.2,8.95,0.0,65.0,53.0
2009-07-27,4.5,15.2,9.85,0.0,75.0,89.0
2009-07-28,13.9,19.2,16.55,4.2,78.0,86.0
2009-07-29,5.3,11.0,8.15,1.2,99.0,79.0
2009-07-30,5.4,21.8,13.600000000000001,0.0,59.0,30.0
2009-07-31,6.2,18.8,12.5,0.0,89.0,63.0
2009-08-01,8.4,15.5,11.95,0.0,55.0,41.0
2009-08-02,10.5,17.9,14.2,2.8,91.0,68.0
2009-08-03,4.8,12.7,8.75,15.4,60.0,48.0
2009-08-04,1.6,19.6,10.600000000000001,0.0,51.0,28.0
2009-08-05,10.6,19.5,15.05,0.0,81.0,66.0
2009-08-06,10.8,25.0,17.9,0.0,35.0,17.0
2009-08-07,1.7,23.4,12.549999999999999,0.0,97.0,31.0
2009-08-08,7.8,14.6,11.2,0.0,42.0,51.0
2009-08-09,5.8,12.6,9.2,0.0,61.0,64.0
2009-08-10,2.6,17.8,10.200000000000001,0.2,97.0,50.0
2009-08-11,9.6,18.2,13.899999999999999,0.0,76.0,63.0
2009-08-12,7.5,19.3,13.4,0.0,43.0,32.0
2009-08-13,19.1,31.6,25.35,0.0,69.0,40.0
2009-08-14,11.2,20.5,15.85,0.0,58.0,55.0
2009-08-15,10.8,23.4,17.1,0.0,68.0,48.0
2009-08-16,8.6,16.3,12.45,5.4,76.0,82.0
2009-08-17,14.2,18.9,16.549999999999997,1.4,55.0,62.0
2009-08-18,0.6,15.6,8.1,0.0,85.0,58.0
2009-08-19,-2.4,16.2,6.8999999999999995,0.0,78.0,32.0
2009-08-20,5.5,18.4,11.95,0.0,78.0,51.0
2009-08-21,11.1,25.0,18.05,0.0,47.0,33.0
2009-08-22,-2.6,13.9,5.65,0.2,86.0,50.0
2009-08-23,6.3,26.4,16.349999999999998,0.0,77.0,39.0
2009-08-24,18.3,36.1,27.200000000000003,0.0,27.0,20.0
2009-08-25,10.7,18.8,14.75,0.8,32.0,31.0
2009-08-26,12.4,19.7,16.05,3.6,85.0,87.0
2009-08-27,8.8,24.5,16.65,0.0,45.0,23.0
2009-08-28,0.9,18.9,9.899999999999999,0.0,43.0,29.0
2009-08-29,23.8,32.7,28.25,0.0,65.0,58.0
2009-08-30,23.2,32.0,27.6,0.0,70.0,50.0
2009-08-31,9.1,16.6,12.850000000000001,0.0,62.0,73.0
2009-09-01,10.1,21.4,15.75,0.0,39.0,41.0
2009-09-02,15.3,34.1,24.700000000000003,0.0,17.0,16.0
2009-09-03,12.6,18.3,15.45,0.0,71.0,87.0
2009-09-04,7.7,13.7,10.7,4.8,89.0,61.0
2009-09-05,9.9,30.7,20.3,0.0,28.0,11.0
2009-09-06,5.4,13.7,9.55,1.4,66.0,89.0
2009-09-07,7.2,16.0,11.6,0.6,80.0,66.0
2009-09-08,5.5,17.0,11.25,0.8,96.0,55.0
2009-09-09,6.6,17.0,11.8,0.0,71.0,33.0
2009-09-10,7.5,14.3,10.9,0.0,95.0,63.0
2009-09-11,2.7,18.7,10.7,0.0,66.0,39.0
2009-09-12,11.0,28.5,19.75,0.0,49.0,27.0
2009-09-13,4.5,25.2,14.85,0.0,31.0,19.0
2009-09-14,21.5,30.3,25.9,0.0,38.0,40.0
2009-09-15,13.1,29.3,21.2,0.0,14.0,13.0
2009-09-16,8.6,28.4,18.5,0.0,20.0,6.0
2009-09-17,15.2,17.7,16.45,0.0,37.0,94.0
2009-09-18,10.9,22.9,16.9,7.0,77.0,35.0
2009-09-19,2.0,20.4,11.2,0.0,53.0,54.0
2009-09-20,10.4,18.7,14.55,2.6,65.0,30.0
2009-09-21,2.9,16.1,9.5,0.6,88.0,68.0
2009-09-22,6.7,15.8,11.25,12.0,76.0,89.0
2009-09-23,21.8,30.9,26.35,0.0,65.0,55.0
2009-09-24,10.3,17.4,13.85,20.0,70.0,55.0
2009-09-25,7.2,25.6,16.400000000000002,0.0,41.0,46.0
2009-09-26,8.7,17.7,13.2,0.0,38.0,24.0
2009-09-27,24.5,34.8,29.65,15.0,66.0,45.0
2009-09-28,6.9,21.5,14.2,0.0,57.0,27.0
2009-09-29,21.6,30.8,26.200000000000003,0.0,63.0,49.0
2009-09-30,9.7,17.3,13.5,0.0,51.0,68.0
2009-10-01,1.8,25.6,13.700000000000001,0.0,26.0,19.0
2009-10-02,14.6,28.7,21.65,0.0,52.0,49.0
2009-10-03,14.4,20.5,17.45,0.0,57.0,63.0
2009-10-04,4.2,20.0,12.1,0.0,71.0,55.0
2009-10-05,10.6,22.5,16.55,0.0,72.0,31.0
2009-10-06,12.3,17.5,14.9,2.2,92.0,86.0
2009-10-07,1.9,10.2,6.05,5.0,80.0,69.0
2009-10-08,12.3,23.1,17.700000000000003,2.0,32.0,43.0
2009-10-09,9.6,15.9,12.75,0.0,73.0,62.0
2009-10-10,5.0,18.4,11.7,0.0,55.0,34.0
2009-10-11,4.4,21.4,12.899999999999999,0.0,54.0,30.0
2009-10-12,16.0,22.3,19.15,0.0,63.0,24.0
2009-10-13,9.8,21.0,15.4,0.0,65.0,50.0
2009-10-14,8.6,14.1,11.35,1.0,83.0,81.0
2009-10-15,12.8,27.4,20.1,0.0,48.0,23.0
2009-10-16,11.7,21.6,16.65,0.0,40.0,21.0
2009-10-17,4.4,16.3,10.350000000000001,6.2,74.0,57.0
2009-10-18,5.3,17.8,11.55,0.0,75.0,48.0
2009-10-19,12.9,20.8,16.85,0.0,68.0,70.0
2009-10-20,11.6,33.2,22.400000000000002,0.0,63.0,18.0
2009-10-21,12.5,24.3,18.4,0.0,45.0,48.0
2009-10-22,6.4,18.4,12.399999999999999,0.0,72.0,45.0
2009-10-23,12.6,27.1,19.85,0.0,55.0,35.0
2009-10-24,9.4,25.5,17.45,0.0,68.0,35.0
2009-10-25,18.1,27.2,22.65,0.0,54.0,29.0
2009-10-26,10.0,14.6,12.3,0.0,60.0,57.0
2009-10-27,12.5,19.1,15.8,1.2,83.0,66.0
2009-10-28,14.6,30.1,22.35,10.4,70.0,30.0
2009-10-29,9.4,21.7,15.55,2.6,57.0,50.0
2009-10-30,9.6,27.8,18.7,0.4,89.0,47.0
2009-10-31,11.3,28.4,19.85,1.2,75.0,42.0
2009-11-01,17.8,34.0,25.9,0.0,66.0,35.0
2009-11-02,17.3,24.0,20.65,0.0,83.0,87.0
2009-11-03,13.5,22.0,17.75,0.8,66.0,44.0
2009-11-04,19.4,22.7,21.049999999999997,0.0,75.0,70.0
2009-11-05,24.8,33.4,29.1,0.0,68.0,47.0
2009-11-06,14.9,31.3,23.1,0.0,55.0,20.0
2009-11-07,11.3,20.7,16.0,0.0,62.0,52.0
2009-11-08,18.2,22.6,20.4,0.2,85.0,91.0
2009-11-09,17.8,23.4,20.6,58.0,66.0,59.0
2009-11-10,11.3,30.3,20.8,0.0,71.0,25.0
2009-11-11,11.3,30.1,20.700000000000003,0.0,69.0,36.0
2009-11-12,17.4,25.8,21.6,0.0,78.0,77.0
2009-11-13,18.2,23.8,21.0,1.8,74.0,66.0
2009-11-14,18.5,30.1,24.3,0.0,49.0,56.0
2009-11-15,11.6,31.4,21.5,0.0,23.0,18.0
2009-11-16,15.4,31.0,23.2,0.0,46.0,47.0
2009-11-17,21.7,39.7,30.700000000000003,0.0,47.0,17.0
2009-11-18,20.2,30.8,25.5,0.0,61.0,51.0
2009-11-19,13.7,31.3,22.5,0.0,47.0,41.0
2009-11-20,18.7,21.4,20.049999999999997,0.0,64.0,95.0
2009-11-21,10.6,22.6,16.6,0.0,52.0,43.0
2009-11-22,18.8,41.7,30.25,0.0,76.0,19.0
2009-11-23,5.9,18.7,12.3,17.2,56.0,42.0
2009-11-24,13.3,24.3,18.8,0.0,63.0,71.0
2009-11-25,9.4,26.0,17.7,0.0,80.0,58.0
2009-11-26,21.2,36.0,28.6,0.0,50.0,21.0
2009-11-27,25.4,32.7,29.05,8.6,77.0,59.0
2009-11-28,16.3,22.7,19.5,4.8,50.0,34.0
2009-11-29,11.8,18.1,14.950000000000001,7.5,70.0,61.0
2009-11-30,14.0,20.8,17.4,10.6,63.0,42.0
2009-12-01,14.1,28.9,21.5,0.0,58.0,14.0
2009-12-02,23.3,31.2,27.25,0.0,64.0,69.0
2009-12-03,16.4,34.6,25.5,0.0,14.0,22.0
2009-12-04,10.1,22.2,16.15,0.0,60.0,25.0
2009-12-05,19.3,29.8,24.55,0.0,52.0,51.0
2009-12-06,8.0,24.1,16.05,0.0,62.0,51.0
2009-12-07,13.3,19.1,16.200000000000003,0.0,72.0,75.0
2009-12-08,20.2,29.7,24.95,0.0,75.0,54.0
2009-12-09,10.7,23.7,17.2,12.2,78.0,36.0
2009-12-10,26.2,32.7,29.450000000000003,0.0,64.0,65.0
2009-12-11,11.6,21.2,16.4,2.6,50.0,35.0
2009-12-12,6.9,33.1,20.0,0.0,35.0,12.0
2009-12-13,15.7,32.0,23.85,0.0,48.0,20.0
2009-12-14,18.0,22.0,20.0,0.6,90.0,72.0
2009-12-15,13.1,34.7,23.900000000000002,0.0,51.0,22.0
2009-12-16,9.6,38.2,23.900000000000002,0.0,68.0,13.0
2009-12-17,26.5,41.8,34.15,0.0,20.0,14.0
2009-12-18,16.1,35.0,25.55,0.0,32.0,13.0
2009-12-19,21.2,30.2,25.7,0.0,69.0,63.0
2009-12-20,20.0,25.8,22.9,0.0,65.0,56.0
2009-12-21,20.9,28.6,24.75,2.0,72.0,64.0
2009-12-22,14.4,28.2,21.3,0.0,76.0,47.0
2009-12-23,13.2,21.3,17.25,0.0,65.0,56.0
2009-12-24,17.4,38.4,27.9,0.0,46.0,27.0
2009-12-25,21.4,29.5,25.45,0.0,61.0,71.0
2009-12-26,16.1,19.8,17.950000000000003,12.4,91.0,90.0
2009-12-27,16.3,29.5,22.9,0.0,61.0,33.0
2009-12-28,26.1,34.6,30.35,0.0,76.0,84.0
2009-12-29,23.6,39.4,31.5,0.0,39.0,24.0
2009-12-30,17.6,24.3,20.950000000000003,0.0,73.0,63.0
2009-12-31,17.2,28.2,22.7,0.0,84.0,68.0
2010-01-01,25.3,32.6,28.950000000000003,0.4,77.0,74.0
2010-01-02,12.5,20.7,16.6,1.2,75.0,54.0
2010-01-03,14.5,21.4,17.95,0.0,57.0,56.0
2010-01-04,23.9,32.2,28.05,1.6,70.0,60.0
2010-01-05,15.9,34.2,25.05,0.2,77.0,34.0
2010-01-06,19.5,33.7,26.6,6.4,68.0,32.0
2010-01-07,20.8,24.2,22.5,0.2,85.0,79.0
2010-01-08,21.0,26.9,23.95,0.0,62.0,57.0
2010-01-09,27.0,33.4,30.2,2.4,83.0,63.0
2010-01-10,20.1,35.6,27.85,0.0,59.0,36.0
2010-01-11,18.9,28.2,23.549999999999997,0.0,77.0,73.0
2010-01-12,19.1,28.1,23.6,0.0,70.0,65.0
2010-01-13,15.5,29.7,22.6,1.2,56.0,23.0
2010-01-14,22.9,32.8,27.849999999999998,0.0,64.0,45.0
2010-01-15,7.8,26.6,17.2,0.0,56.0,39.0
2010-01-16,15.9,35.7,25.8,0.0,37.0,11.0
2010-01-17,16.8,25.6,21.200000000000003,0.0,51.0,24.0
2010-01-18,9.9,19.7,14.8,7.0,52.0,45.0
2010-01-19,15.6,26.8,21.2,0.0,39.0,31.0
2010-01-20,20.8,30.0,25.4,0.0,67.0,52.0
2010-01-21,24.7,31.8,28.25,22.2,80.0,76.0
2010-01-22,19.0,41.5,30.25,0.0,68.0,21.0
2010-01-23,20.2,42.2,31.200000000000003,0.0,37.0,10.0
2010-01-24,9.4,23.1,16.25,1.0,75.0,49.0
2010-01-25,18.2,19.5,18.85,12.6,87.0,88.0
2010-01-26,24.8,29.1,26.950000000000003,21.8,98.0,86.0
2010-01-27,23.5,30.2,26.85,0.0,65.0,57.0
2010-01-28,22.0,27.0,24.5,0.0,85.0,74.0
2010-01-29,24.0,38.0,31.0,0.0,33.0,18.0
2010-01-30,22.8,31.2,27.0,3.0,65.0,57.0
2010-01-31,20.7,25.4,23.049999999999997,0.4,67.0,59.0
2010-02-01,24.5,31.7,28.1,0.2,66.0,57.0
2010-02-02,11.3,37.7,24.5,0.0,58.0,20.0
2010-02-03,13.3,26.1,19.700000000000003,0.0,40.0,36.0
2010-02-04,14.2,27.8,21.0,0.0,41.0,28.0
2010-02-05,24.4,36.4,30.4,0.0,59.0,59.0
2010-02-06,14.6,26.4,20.5,0.8,60.0,51.0
2010-02-07,10.9,21.2,16.05,0.0,59.0,52.0
2010-02-08,27.9,33.4,30.65,0.0,76.0,59.0
2010-02-09,25.6,31.2,28.4,0.0,75.0,69.0
2010-02-10,26.6,32.2,29.400000000000002,0.0,73.5,65.0
2010-02-11,27.6,33.2,30.400000000000002,0.0,72.0,61.0
2010-02-12,22.2,34.5,28.35,0.0,66.0,35.0
2010-02-13,12.3,18.7,15.5,0.0,64.0,72.0
2010-02-14,12.1,19.5,15.8,0.0,96.0,88.0
2010-02-15,16.8,20.7,18.75,31.2,97.0,73.0
2010-02-16,13.6,33.0,23.3,0.0,49.0,26.0
2010-02-17,19.2,26.2,22.7,0.0,67.0,61.0
2010-02-18,19.7,26.2,22.95,0.0,48.0,50.0
2010-02-19,15.5,32.3,23.9,0.0,66.0,26.0
2010-02-20,23.1,36.5,29.8,0.0,26.0,23.0
2010-02-21,15.9,25.4,20.65,0.0,73.0,51.0
2010-02-22,19.1,29.6,24.35,0.0,73.0,35.0
2010-02-23,17.2,27.0,22.1,0.0,40.0,14.0
2010-02-24,10.2,25.1,17.65,0.0,59.0,41.0
2010-02-25,15.7,35.1,25.4,0.0,54.0,20.0
2010-02-26,18.6,36.2,27.400000000000002,0.0,39.0,12.0
2010-02-27,22.4,22.6,22.5,0.0,78.0,71.0
2010-02-28,20.4,26.5,23.45,0.0,83.0,71.0
2010-03-01,22.2,39.6,30.9,0.0,32.0,15.0
2010-03-02,17.45,37.35,27.4,0.0,26.0,23.5
2010-03-03,12.7,35.1,23.9,0.0,20.0,32.0
2010-03-04,25.4,32.3,28.849999999999998,11.4,72.0,59.0
2010-03-05,12.7,21.2,16.95,0.0,57.0,49.0
2010-03-06,13.0,22.4,17.7,0.0,61.5,42.0
2010-03-07,13.3,23.6,18.450000000000003,0.0,66.0,35.0
2010-03-08,15.1,26.7,20.9,0.0,55.0,27.0
2010-03-09,6.7,25.5,16.1,0.0,61.0,33.0
2010-03-10,13.1,24.7,18.9,0.0,52.0,23.0
2010-03-11,18.7,25.3,22.0,0.0,59.0,54.0
2010-03-12,13.3,26.0,19.65,0.0,65.0,31.0
2010-03-13,11.55,24.1,17.825000000000003,0.0,77.5,40.5
2010-03-14,9.8,22.2,16.0,0.0,90.0,50.0
2010-03-15,15.6,27.0,21.3,0.0,85.0,52.0
2010-03-16,18.5,32.2,25.35,0.0,47.0,25.0
2010-03-17,14.75,29.85,22.3,0.0,69.5,38.5
2010-03-18,11.0,27.5,19.25,0.0,92.0,52.0
2010-03-19,18.8,32.6,25.700000000000003,0.0,49.0,26.0
2010-03-20,14.2,30.1,22.15,0.0,46.0,38.0
2010-03-21,16.8,25.6,21.200000000000003,0.0,78.0,46.0
2010-03-22,21.5,33.6,27.55,0.0,59.0,34.0
2010-03-23,8.3,22.1,15.200000000000001,0.0,68.0,50.0
2010-03-24,9.9,27.4,18.65,0.0,63.0,32.0
2010-03-25,18.4,29.6,24.0,0.0,79.0,47.0
2010-03-26,14.2,29.6,21.9,0.0,44.0,46.0
2010-03-27,26.2,34.0,30.1,0.0,69.0,52.0
2010-03-28,20.0,25.9,22.95,0.0,85.0,80.0
2010-03-29,15.3,20.4,17.85,16.8,96.0,60.0
2010-03-30,24.6,30.5,27.55,6.8,78.0,63.0
2010-03-31,17.5,25.7,21.6,8.0,99.0,63.0
2010-04-01,17.2,22.5,19.85,0.0,71.0,65.0
2010-04-02,10.5,20.3,15.4,0.2,91.0,55.0
2010-04-03,23.1,25.3,24.200000000000003,25.8,94.0,92.0
2010-04-04,8.5,19.9,14.2,0.6,55.0,48.0
2010-04-05,7.0,23.1,15.05,0.0,97.0,54.0
2010-04-06,23.5,30.9,27.2,68.2,96.0,73.0
2010-04-07,17.3,23.6,20.450000000000003,0.4,65.0,52.0
2010-04-08,25.2,32.1,28.65,23.4,94.0,67.0
2010-04-09,14.8,25.5,20.15,0.0,71.0,42.0
2010-04-10,12.3,20.0,16.15,5.0,89.0,66.0
2010-04-11,22.8,30.6,26.700000000000003,0.0,75.0,72.0
2010-04-12,12.4,24.1,18.25,0.0,38.0,26.0
2010-04-13,7.7,18.7,13.2,0.0,59.0,44.0
2010-04-14,14.3,22.1,18.200000000000003,11.6,74.0,64.0
2010-04-15,15.1,22.4,18.75,2.0,85.0,64.0
2010-04-16,17.3,24.6,20.950000000000003,0.0,78.0,50.0
2010-04-17,11.1,23.9,17.5,0.0,92.0,44.0
2010-04-18,16.1,23.0,19.55,0.0,79.0,78.0
2010-04-19,17.4,24.0,20.7,0.0,81.0,75.0
2010-04-20,15.2,21.5,18.35,0.0,90.0,81.0
2010-04-21,11.6,20.5,16.05,0.3,94.5,70.0
2010-04-22,8.0,19.5,13.75,0.6,99.0,59.0
2010-04-23,14.0,29.0,21.5,0.0,69.0,37.0
2010-04-24,19.0,24.5,21.75,5.0,73.0,47.0
2010-04-25,10.8,18.5,14.65,17.0,72.0,40.0
2010-04-26,8.0,22.1,15.05,0.4,70.0,33.0
2010-04-27,9.6,20.5,15.05,0.0,70.0,34.0
2010-04-28,13.6,24.5,19.05,0.0,55.0,37.0
2010-04-29,11.7,16.6,14.15,3.6,46.0,46.0
2010-04-30,10.2,15.3,12.75,0.2,86.0,71.0
2010-05-01,7.1,23.7,15.399999999999999,0.0,67.0,36.0
2010-05-02,9.7,24.2,16.95,0.0,57.0,41.0
2010-05-03,15.9,21.4,18.65,0.0,69.0,79.0
2010-05-04,9.8,22.2,16.0,0.0,50.0,30.0
2010-05-05,2.7,14.7,8.7,4.6,84.0,42.0
2010-05-06,6.0,13.9,9.95,1.0,98.0,61.0
2010-05-07,2.7,23.2,12.95,0.0,50.0,19.0
2010-05-08,11.5,23.2,17.35,0.0,63.0,52.0
2010-05-09,10.1,21.8,15.95,0.0,71.0,44.0
2010-05-10,11.45,24.4,17.924999999999997,0.0,67.5,31.5
2010-05-11,12.8,27.0,19.9,0.0,64.0,19.0
2010-05-12,5.3,14.1,9.7,0.0,76.0,65.0
2010-05-13,6.0,18.5,12.25,0.0,51.0,36.0
2010-05-14,8.4,17.0,12.7,2.4,90.0,64.0
2010-05-15,2.7,21.9,12.299999999999999,0.0,74.0,34.0
2010-05-16,1.7,17.5,9.6,0.0,84.0,51.0
2010-05-17,2.6,16.2,9.4,0.0,90.0,53.0
2010-05-18,11.8,24.6,18.200000000000003,0.0,36.0,28.0
2010-05-19,12.1,18.5,15.3,56.0,94.0,68.0
2010-05-20,0.4,7.1,3.75,0.0,37.0,69.0
2010-05-21,20.5,28.6,24.55,0.0,67.0,59.0
2010-05-22,3.0,18.4,10.7,0.0,73.0,39.0
2010-05-23,-1.6,14.6,6.5,0.0,97.0,52.0
2010-05-24,-0.3,6.5,3.1,0.0,98.0,98.0
2010-05-25,12.4,18.0,15.2,10.6,99.0,87.0
2010-05-26,9.6,18.9,14.25,3.6,100.0,64.0
2010-05-27,11.9,17.7,14.8,5.2,94.0,72.0
2010-05-28,14.2,21.1,17.65,12.8,91.0,64.0
2010-05-29,10.3,15.6,12.95,10.8,99.0,89.0
2010-05-30,8.4,14.0,11.2,17.2,85.0,93.0
2010-05-31,9.3,14.0,11.65,0.0,84.0,65.0
2010-06-01,2.0,13.3,7.65,0.0,98.0,68.0
2010-06-02,4.3,17.7,11.0,0.0,93.0,60.0
2010-06-03,5.6,17.6,11.600000000000001,0.0,82.0,49.0
2010-06-04,4.2,16.8,10.5,0.0,95.0,55.0
2010-06-05,14.6,20.0,17.3,25.8,77.0,59.0
2010-06-06,9.4,17.8,13.600000000000001,0.2,66.0,53.0
2010-06-07,8.3,13.6,10.95,4.8,92.0,75.0
2010-06-08,9.0,17.9,13.45,4.2,87.0,63.0
2010-06-09,13.2,23.6,18.4,0.0,79.0,46.0
2010-06-10,4.8,15.2,10.0,0.2,91.0,53.0
2010-06-11,-4.3,0.4,-1.95,0.0,97.0,93.0
2010-06-12,7.7,12.4,10.05,0.2,76.0,69.0
2010-06-13,13.3,24.2,18.75,0.0,39.0,37.0
2010-06-14,-1.7,15.2,6.75,0.0,71.0,47.0
2010-06-15,21.2,27.2,24.2,0.0,70.0,59.0
2010-06-16,16.7,25.05,20.875,0.0,67.5,62.5
2010-06-17,12.2,22.9,17.549999999999997,0.0,65.0,66.0
2010-06-18,9.3,20.1,14.700000000000001,0.8,88.0,67.0
2010-06-19,3.9,12.7,8.299999999999999,0.8,99.0,68.0
2010-06-20,22.2,30.7,26.45,0.0,45.0,26.0
2010-06-21,10.1,16.0,13.05,8.2,95.0,80.0
2010-06-22,1.4,13.8,7.6000000000000005,0.0,85.0,68.0
2010-06-23,8.4,15.2,11.8,0.0,91.0,98.0
2010-06-24,7.4,21.4,14.399999999999999,0.0,63.0,32.0
2010-06-25,9.9,13.1,11.5,8.6,97.0,65.0
2010-06-26,12.5,21.3,16.9,0.0,92.0,67.0
2010-06-27,2.4,18.3,10.35,0.0,62.0,45.0
2010-06-28,7.3,20.3,13.8,0.0,51.0,43.0
2010-06-29,-3.1,9.1,3.0,0.2,69.0,49.0
2010-06-30,1.3,16.7,9.0,0.0,69.0,45.0
2010-07-01,3.9,14.4,9.15,0.0,86.0,56.0
2010-07-02,-0.6,7.8,3.6,0.0,100.0,85.0
2010-07-03,4.7,11.2,7.949999999999999,2.2,98.0,68.0
2010-07-04,3.0,15.0,9.0,0.0,74.0,43.0
2010-07-05,8.8,16.0,12.4,7.0,97.0,79.0
2010-07-06,8.8,15.3,12.05,0.0,63.0,68.0
2010-07-07,21.0,31.7,26.35,0.0,50.0,46.0
2010-07-08,11.8,16.7,14.25,16.8,99.0,69.0
2010-07-09,-0.8,17.5,8.35,0.0,99.0,44.0
2010-07-10,8.3,18.4,13.35,0.2,79.0,62.0
2010-07-11,10.9,17.9,14.399999999999999,5.6,88.0,94.0
2010-07-12,20.7,27.1,23.9,2.8,75.0,71.0
2010-07-13,13.3,23.2,18.25,0.0,70.0,50.0
2010-07-14,13.2,17.0,15.1,0.0,55.0,55.0
2010-07-15,5.4,19.8,12.600000000000001,0.0,49.0,26.0
2010-07-16,8.9,21.4,15.149999999999999,0.0,53.0,33.0
2010-07-17,4.6,8.3,6.45,0.0,99.0,78.0
2010-07-18,5.7,16.0,10.85,0.0,74.0,49.0
2010-07-19,1.3,10.9,6.1000000000000005,12.4,100.0,67.0
2010-07-20,6.0,16.1,11.05,0.6,98.0,65.0
2010-07-21,4.1,13.0,8.55,5.4,86.0,68.0
2010-07-22,-4.6,3.0,-0.7999999999999998,0.0,54.0,62.0
2010-07-23,6.7,17.5,12.1,8.0,84.0,62.0
2010-07-24,7.1,12.1,9.6,0.0,96.0,87.0
2010-07-25,8.5,18.1,13.3,8.4,98.0,61.0
2010-07-26,3.8,14.2,9.0,6.4,100.0,70.0
2010-07-27,10.1,18.7,14.399999999999999,3.0,84.0,72.0
2010-07-28,5.9,11.6,8.75,0.0,76.0,62.0
2010-07-29,11.1,21.3,16.2,1.0,97.0,61.0
2010-07-30,7.0,16.7,11.85,3.6,99.0,70.0
2010-07-31,7.7,12.2,9.95,10.6,98.0,65.0
2010-08-01,6.5,21.0,13.75,0.4,62.0,33.0
2010-08-02,7.2,14.1,10.65,6.8,99.0,65.0
2010-08-03,7.0,12.8,9.9,1.8,94.0,71.0
2010-08-04,5.1,18.0,11.55,0.0,75.0,41.0
2010-08-05,9.2,22.2,15.7,0.0,68.0,57.0
2010-08-06,3.9,11.5,7.7,0.4,91.0,62.0
2010-08-07,2.8,13.2,8.0,0.0,88.0,61.0
2010-08-08,17.9,32.5,25.2,0.0,38.0,42.0
2010-08-09,5.7,13.5,9.6,1.2,91.0,74.0
2010-08-10,1.1,10.5,5.8,0.0,92.0,96.0
2010-08-11,2.3,17.0,9.65,0.0,59.0,30.0
2010-08-12,2.5,15.45,8.975,0.05,70.5,46.0
2010-08-13,2.7,13.9,8.3,0.1,82.0,62.0
2010-08-14,11.2,26.3,18.75,0.0,55.0,51.0
2010-08-15,4.5,19.4,11.95,0.0,43.0,24.0
2010-08-16,8.2,17.8,13.0,0.0,82.0,54.0
2010-08-17,8.0,17.3,12.65,0.0,40.0,40.0
2010-08-18,18.9,26.1,22.5,0.0,79.0,72.0
2010-08-19,7.3,23.4,15.35,0.1,59.0,30.0
2010-08-20,10.0,20.4,15.2,0.2,64.0,33.0
2010-08-21,6.3,12.9,9.6,0.0,86.0,68.0
2010-08-22,2.9,16.6,9.75,0.0,64.0,29.0
2010-08-23,8.2,14.5,11.35,0.0,54.0,46.0
2010-08-24,5.1,11.8,8.45,6.0,97.0,94.0
2010-08-25,22.5,31.8,27.15,0.0,71.0,53.0
2010-08-26,7.2,12.5,9.85,12.6,92.0,67.0
2010-08-27,6.8,13.4,10.1,4.0,75.0,55.0
2010-08-28,5.0,13.6,9.3,1.8,84.0,69.0
2010-08-29,3.3,11.2,7.25,0.4,99.0,60.0
2010-08-30,7.9,16.7,12.3,3.4,95.0,66.0
2010-08-31,8.9,23.5,16.2,0.0,76.0,34.0
2010-09-01,10.5,27.3,18.9,0.0,51.0,22.0
2010-09-02,16.6,18.1,17.35,0.8,77.0,74.0
2010-09-03,13.55,17.8,15.675,7.3,75.5,59.0
2010-09-04,10.5,17.5,14.0,13.8,74.0,44.0
2010-09-05,9.8,15.7,12.75,4.2,68.0,53.0
2010-09-06,8.4,15.4,11.9,1.8,56.0,48.0
2010-09-07,12.6,17.2,14.899999999999999,5.6,77.0,78.0
2010-09-08,11.6,17.0,14.3,5.9,77.0,65.0
2010-09-09,10.6,16.8,13.7,6.2,77.0,52.0
2010-09-10,8.8,16.0,12.4,4.8,69.0,54.0
2010-09-11,3.3,16.5,9.9,2.2,55.0,41.0
2010-09-12,7.7,16.7,12.2,0.4,75.0,56.0
2010-09-13,13.9,23.2,18.55,0.0,53.0,27.0
2010-09-14,16.1,25.1,20.6,0.0,70.0,69.0
2010-09-15,9.7,21.8,15.75,16.8,66.0,24.0
2010-09-16,10.5,23.1,16.8,0.0,55.0,28.0
2010-09-17,-5.2,8.8,1.8000000000000003,0.0,23.0,43.0
2010-09-18,10.1,12.6,11.35,8.8,95.0,92.0
2010-09-19,9.2,14.0,11.6,0.0,84.0,74.0
2010-09-20,11.4,20.4,15.899999999999999,0.0,64.0,53.0
2010-09-21,6.9,12.0,9.45,0.2,99.0,75.0
2010-09-22,4.1,16.2,10.149999999999999,0.0,63.0,53.0
2010-09-23,7.0,28.4,17.7,0.0,30.0,16.0
2010-09-24,10.0,18.2,14.1,1.2,80.0,49.0
2010-09-25,8.8,27.2,18.0,0.0,63.0,45.0
2010-09-26,13.0,20.4,16.7,0.0,74.0,78.0
2010-09-27,13.9,27.9,20.9,0.0,67.0,47.0
2010-09-28,8.85,26.35,17.6,0.0,58.5,31.5
2010-09-29,3.8,24.8,14.3,0.0,50.0,16.0
2010-09-30,13.3,20.0,16.65,0.2,52.0,54.0
2010-10-01,14.4,20.2,17.3,0.0,68.0,69.0
2010-10-02,12.1,21.8,16.95,0.0,63.0,51.0
2010-10-03,11.1,25.0,18.05,0.0,63.0,34.0
2010-10-04,8.7,18.5,13.6,1.8,80.0,60.0
2010-10-05,10.2,15.8,13.0,0.4,82.0,65.0
2010-10-06,23.6,30.5,27.05,0.0,65.0,56.0
2010-10-07,23.5,34.4,28.95,4.2,72.0,62.0
2010-10-08,15.5,20.2,17.85,0.0,78.0,61.0
2010-10-09,10.9,28.7,19.8,0.0,24.0,44.0
2010-10-10,11.5,20.8,16.15,0.6,87.0,49.0
2010-10-11,10.9,23.9,17.4,0.0,46.0,42.0
2010-10-12,12.9,24.8,18.85,0.6,76.0,55.0
2010-10-13,13.7,23.4,18.549999999999997,0.2,61.0,63.0
2010-10-14,17.8,28.9,23.35,2.0,63.0,48.0
2010-10-15,13.2,13.3,13.25,26.0,94.0,95.0
2010-10-16,4.7,14.6,9.65,22.6,77.0,81.0
2010-10-17,4.3,26.2,15.25,0.0,40.0,15.0
2010-10-18,8.1,29.5,18.8,0.0,22.0,11.0
2010-10-19,0.0,14.7,7.35,0.2,98.0,58.0
2010-10-20,14.0,20.9,17.45,0.2,72.0,62.0
2010-10-21,7.1,24.1,15.600000000000001,0.0,72.0,50.0
2010-10-22,11.4,31.7,21.55,0.0,35.0,20.0
2010-10-23,12.9,27.1,20.0,0.0,40.0,21.0
2010-10-24,8.2,22.2,15.2,2.4,65.0,51.0
2010-10-25,20.9,30.7,25.799999999999997,0.0,62.0,51.0
2010-10-26,13.7,29.1,21.4,0.0,41.0,24.0
2010-10-27,5.3,19.0,12.15,1.0,59.0,48.0
2010-10-28,13.7,19.6,16.65,2.8,79.0,68.0
2010-10-29,14.3,30.2,22.25,0.0,64.0,32.0
2010-10-30,16.1,26.3,21.200000000000003,0.0,69.0,59.0
2010-10-31,10.0,16.0,13.0,53.8,87.0,70.0
2010-11-01,2.2,11.8,7.0,0.0,95.0,81.0
2010-11-02,18.4,28.7,23.549999999999997,0.0,42.0,27.0
2010-11-03,5.9,12.5,9.2,2.2,92.0,88.0
2010-11-04,12.8,35.8,24.299999999999997,0.0,25.0,10.0
2010-11-05,9.1,23.4,16.25,0.0,47.0,50.0
2010-11-06,15.4,18.3,16.85,73.8,89.0,94.0
2010-11-07,13.4,23.3,18.35,8.8,77.0,59.0
2010-11-08,9.6,18.9,14.25,0.2,69.0,54.0
2010-11-09,13.5,29.1,21.3,0.0,54.0,25.0
2010-11-10,19.1,36.7,27.900000000000002,0.0,14.0,8.0
2010-11-11,19.7,27.2,23.45,8.6,77.0,43.0
2010-11-12,12.5,27.6,20.05,0.2,47.0,88.0
2010-11-13,12.8,27.7,20.25,0.0,69.0,55.0
2010-11-14,8.7,13.5,11.1,16.4,95.0,91.0
2010-11-15,20.4,21.1,20.75,0.0,83.0,96.0
2010-11-16,18.3,27.4,22.85,27.0,86.0,47.0
2010-11-17,21.4,31.9,26.65,8.0,65.0,55.0
2010-11-18,15.0,26.9,20.95,0.0,79.0,49.0
2010-11-19,13.6,29.3,21.45,13.4,91.0,40.0
2010-11-20,9.7,29.7,19.7,0.0,35.0,19.0
2010-11-21,9.1,16.6,12.850000000000001,0.0,57.0,52.0
2010-11-22,17.2,18.2,17.7,6.4,93.0,83.0
2010-11-23,18.2,30.2,24.2,0.0,53.0,37.0
2010-11-24,6.3,22.2,14.25,0.0,53.0,49.0
2010-11-25,14.0,21.5,17.75,0.0,61.0,74.0
2010-11-26,18.7,25.9,22.299999999999997,0.0,55.0,61.0
2010-11-27,17.8,25.8,21.8,0.0,76.0,33.0
2010-11-28,12.4,23.9,18.15,0.0,50.0,22.0
2010-11-29,9.8,22.4,16.1,0.0,48.0,42.0
2010-11-30,10.5,19.8,15.15,0.0,90.0,69.0
2010-12-01,10.6,29.4,20.0,0.0,19.0,13.0
2010-12-02,16.1,26.6,21.35,0.6,70.0,90.0
2010-12-03,13.4,22.4,17.9,87.0,88.0,76.0
2010-12-04,18.8,33.7,26.25,0.0,63.0,32.0
2010-12-05,15.7,32.8,24.25,0.0,65.0,34.0
2010-12-06,19.4,27.0,23.2,0.0,75.0,64.0
2010-12-07,20.9,26.5,23.7,48.6,93.0,93.0
2010-12-08,16.1,20.8,18.450000000000003,11.4,96.0,60.0
2010-12-09,12.8,22.4,17.6,0.8,79.0,46.0
2010-12-10,13.6,25.0,19.3,0.0,56.0,28.0
2010-12-11,2.5,13.0,7.75,0.0,67.0,53.0
2010-12-12,13.3,22.9,18.1,0.0,49.0,36.0
2010-12-13,16.4,20.6,18.5,0.0,64.0,63.0
2010-12-14,12.6,27.9,20.25,0.0,55.0,37.0
2010-12-15,15.6,31.2,23.4,0.0,42.0,16.0
2010-12-16,19.8,29.4,24.6,0.0,48.0,26.0
2010-12-17,8.0,23.1,15.55,0.0,62.0,44.0
2010-12-18,15.3,30.6,22.950000000000003,6.733333333333333,36.0,18.0
2010-12-19,19.15,31.15,25.15,13.466666666666669,57.5,48.0
2010-12-20,23.0,31.7,27.35,20.2,79.0,78.0
2010-12-21,14.7,27.7,21.2,0.0,37.0,52.0
2010-12-22,16.8,23.9,20.35,0.0,81.0,80.0
2010-12-23,15.2,31.1,23.15,0.0,85.0,35.0
2010-12-24,9.7,30.2,19.95,0.0,44.0,29.0
2010-12-25,13.6,25.0,19.3,0.0,87.0,42.0
2010-12-26,13.3,28.2,20.75,0.4,88.0,49.0
2010-12-27,7.3,15.9,11.6,0.0,66.0,49.0
2010-12-28,14.8,22.8,18.8,2.6,46.0,48.0
2010-12-29,13.7,30.3,22.0,0.0,31.0,46.0
2010-12-30,21.1,29.3,25.200000000000003,0.0,58.0,71.0
2010-12-31,19.6,32.9,26.25,0.0,42.0,39.0
2011-01-01,20.8,24.8,22.8,0.0,74.0,79.0
2011-01-02,20.5,25.4,22.95,0.0,77.0,83.0
2011-01-03,19.3,26.1,22.700000000000003,0.4,79.0,74.0
2011-01-04,24.1,38.4,31.25,0.0,35.0,21.0
2011-01-05,17.2,23.4,20.299999999999997,0.0,64.0,57.0
2011-01-06,15.9,30.8,23.35,0.0,71.0,48.0
2011-01-07,15.6,29.8,22.7,0.0,54.0,29.0
2011-01-08,17.8,19.7,18.75,2.0,95.0,94.0
2011-01-09,18.5,37.3,27.9,0.0,31.0,12.0
2011-01-10,11.0,16.2,13.6,25.2,100.0,100.0
2011-01-11,24.6,31.7,28.15,0.6,72.0,95.0
2011-01-12,19.4,37.2,28.3,0.0,28.0,10.0
2011-01-13,20.1,33.0,26.55,2.6,64.0,33.0
2011-01-14,20.4,23.9,22.15,0.2,88.0,79.0
2011-01-15,13.4,29.3,21.35,0.0,35.0,35.0
2011-01-16,17.5,36.6,27.05,0.0,41.0,19.0
2011-01-17,14.1,20.4,17.25,0.0,62.0,58.0
2011-01-18,19.9,25.8,22.85,0.0,75.0,59.0
2011-01-19,19.2,27.6,23.4,0.0,84.0,65.0
2011-01-20,21.5,27.9,24.7,13.8,75.0,68.0
2011-01-21,23.3,36.0,29.65,0.0,53.0,25.0
2011-01-22,14.4,27.1,20.75,0.0,85.0,63.0
2011-01-23,21.1,26.1,23.6,0.0,68.0,71.0
2011-01-24,18.2,33.8,26.0,0.0,66.0,42.0
2011-01-25,13.1,20.9,17.0,10.8,76.0,65.0
2011-01-26,17.0,26.5,21.75,13.8,84.0,48.0
2011-01-27,11.7,25.4,18.549999999999997,0.0,85.0,51.0
2011-01-28,14.0,33.9,23.95,0.0,44.0,16.0
2011-01-29,20.9,26.2,23.549999999999997,0.0,62.0,51.0
2011-01-30,19.1,41.5,30.3,0.0,54.0,22.0
2011-01-31,19.7,27.8,23.75,0.0,74.0,77.0
2011-02-01,21.1,39.4,30.25,0.0,33.0,19.0
2011-02-02,26.0,31.6,28.8,0.6,70.0,84.0
2011-02-03,20.2,25.4,22.799999999999997,0.0,80.0,81.0
2011-02-04,24.0,33.7,28.85,0.0,72.0,73.0
2011-02-05,24.2,41.5,32.85,0.0,46.0,22.0
2011-02-06,24.8,32.4,28.6,7.0,77.0,63.0
2011-02-07,10.9,25.6,18.25,0.0,46.0,19.0
2011-02-08,24.5,31.4,27.95,31.8,83.0,72.0
2011-02-09,10.0,23.6,16.8,0.0,68.0,58.0
2011-02-10,19.3,24.1,21.700000000000003,6.4,88.0,82.0
2011-02-11,20.2,28.9,24.549999999999997,0.0,71.0,72.0
2011-02-12,21.8,22.5,22.15,1.0,91.0,77.0
2011-02-13,15.8,29.2,22.5,0.0,83.0,47.0
2011-02-14,23.4,30.4,26.9,0.0,67.0,64.0
2011-02-15,14.5,27.4,20.95,0.2,95.0,63.0
2011-02-16,14.9,21.3,18.1,0.2,82.0,90.0
2011-02-17,16.5,21.1,18.8,0.0,70.0,83.0
2011-02-18,24.5,31.3,27.9,0.0,64.0,65.0
2011-02-19,22.2,34.9,28.549999999999997,0.0,71.0,39.0
2011-02-20,16.6,26.5,21.55,10.6,61.0,40.0
2011-02-21,21.9,24.9,23.4,1.6,89.0,78.0
2011-02-22,13.1,24.6,18.85,0.0,57.0,37.0
2011-02-23,9.7,25.6,17.65,0.0,81.0,41.0
2011-02-24,9.1,19.0,14.05,0.6,92.0,58.0
2011-02-25,12.8,32.0,22.4,0.0,75.0,33.0
2011-02-26,17.8,34.2,26.0,0.0,79.0,29.0
2011-02-27,16.6,29.5,23.05,0.0,90.0,54.0
2011-02-28,20.0,22.0,21.0,0.8,84.0,77.0
2011-03-01,17.2,24.8,21.0,0.8,52.0,38.0
2011-03-02,23.8,31.1,27.450000000000003,60.8,81.0,63.0
2011-03-03,26.5,31.1,28.8,0.4,89.0,73.0
2011-03-04,5.7,18.5,12.1,0.0,65.0,46.0
2011-03-05,23.8,28.1,25.950000000000003,0.0,82.0,87.0
2011-03-06,8.9,26.7,17.8,0.0,87.0,39.0
2011-03-07,10.1,27.2,18.65,0.0,54.0,36.0
2011-03-08,17.4,26.2,21.799999999999997,0.0,59.0,46.0
2011-03-09,18.9,27.1,23.0,3.2,71.0,49.0
2011-03-10,16.6,20.6,18.6,4.8,95.0,89.0
2011-03-11,19.3,24.9,22.1,5.6,94.0,78.0
2011-03-12,17.8,29.0,23.4,0.0,91.0,60.0
2011-03-13,16.9,30.9,23.9,0.0,44.0,23.0
2011-03-14,17.9,25.3,21.6,8.4,91.0,71.0
2011-03-15,13.1,27.5,20.3,0.0,75.0,56.0
2011-03-16,21.1,29.4,25.25,0.0,69.0,64.0
2011-03-17,14.4,18.9,16.65,0.0,52.0,50.0
2011-03-18,14.3,28.8,21.55,0.0,77.0,48.0
2011-03-19,20.2,23.2,21.7,0.6,90.0,82.0
2011-03-20,14.1,29.9,22.0,0.0,68.0,39.0
2011-03-21,14.45,25.35,19.9,0.5,83.5,57.0
2011-03-22,14.8,20.8,17.8,1.0,99.0,75.0
2011-03-23,14.2,25.7,19.95,0.0,54.0,38.0
2011-03-24,14.2,19.0,16.6,22.4,92.0,73.0
2011-03-25,21.2,36.2,28.700000000000003,0.0,38.0,15.0
2011-03-26,9.6,29.1,19.35,0.0,71.0,32.0
2011-03-27,15.7,21.0,18.35,0.0,73.0,95.0
2011-03-28,13.7,24.3,19.0,1.2,82.0,70.0
2011-03-29,14.0,26.1,20.05,0.8,96.0,53.0
2011-03-30,18.0,26.3,22.15,15.6,89.0,62.0
2011-03-31,15.4,31.8,23.6,0.0,73.0,31.0
2011-04-01,15.383870967741936,31.34193548387097,23.362903225806452,0.1225806451612903,73.58064516129032,32.38709677419355
2011-04-02,15.36774193548387,30.88387096774193,23.125806451612902,0.2451612903225806,74.16129032258064,33.774193548387096
2011-04-03,15.351612903225806,30.425806451612903,22.888709677419357,0.3677419354838709,74.74193548387096,35.16129032258065
2011-04-04,15.335483870967742,29.967741935483872,22.651612903225807,0.4903225806451612,75.3225806451613,36.54838709677419
2011-04-05,15.319354838709678,29.50967741935484,22.414516129032258,0.6129032258064516,75.90322580645162,37.935483870967744
2011-04-06,15.303225806451612,29.05161290322581,22.17741935483871,0.7354838709677419,76.48387096774194,39.32258064516129
2011-04-07,15.287096774193548,28.59354838709677,21.94032258064516,0.8580645161290322,77.06451612903226,40.70967741935484
2011-04-08,15.270967741935484,28.135483870967743,21.703225806451613,0.9806451612903224,77.64516129032258,42.096774193548384
2011-04-09,15.25483870967742,27.67741935483871,21.466129032258067,1.103225806451613,78.2258064516129,43.483870967741936
2011-04-10,15.238709677419354,27.21935483870968,21.229032258064517,1.2258064516129032,78.80645161290323,44.87096774193549
2011-04-11,15.22258064516129,26.76129032258065,20.991935483870968,1.3483870967741935,79.38709677419355,46.25806451612903
2011-04-12,15.206451612903226,26.30322580645161,20.75483870967742,1.470967741935484,79.96774193548387,47.64516129032258
2011-04-13,15.190322580645162,25.845161290322583,20.517741935483873,1.5935483870967742,80.54838709677419,49.03225806451613
2011-04-14,15.174193548387096,25.387096774193548,20.280645161290323,1.7161290322580645,81.12903225806451,50.41935483870968
2011-04-15,15.158064516129032,24.92903225806452,20.043548387096777,1.8387096774193548,81.70967741935483,51.80645161290322
2011-04-16,15.141935483870968,24.470967741935485,19.806451612903228,1.961290322580645,82.29032258064515,53.19354838709677
2011-04-17,15.125806451612904,24.01290322580645,19.56935483870968,2.083870967741936,82.87096774193549,54.58064516129032
2011-04-18,15.109677419354838,23.55483870967742,19.33225806451613,2.206451612903226,83.45161290322581,55.96774193548387
2011-04-19,15.093548387096774,23.096774193548388,19.09516129032258,2.329032258064516,84.03225806451613,57.35483870967742
2011-04-20,15.07741935483871,22.63870967741936,18.858064516129033,2.4516129032258065,84.61290322580645,58.74193548387097
2011-04-21,15.061290322580646,22.18064516129032,18.620967741935484,2.574193548387097,85.19354838709677,60.12903225806451
2011-04-22,15.04516129032258,21.72258064516129,18.383870967741935,2.696774193548387,85.7741935483871,61.516129032258064
2011-04-23,15.029032258064516,21.26451612903226,18.14677419354839,2.8193548387096774,86.35483870967742,62.903225806451616
2011-04-24,15.012903225806452,20.806451612903228,17.90967741935484,2.941935483870968,86.93548387096774,64.29032258064515
2011-04-25,14.996774193548388,20.3483870967742,17.672580645161293,3.064516129032258,87.51612903225806,65.67741935483872
2011-04-26,14.980645161290322,19.89032258064516,17.435483870967744,3.1870967741935483,88.09677419354838,67.06451612903226
2011-04-27,14.964516129032258,19.43225806451613,17.198387096774194,3.3096774193548386,88.6774193548387,68.45161290322581
2011-04-28,14.948387096774194,18.9741935483871,16.961290322580645,3.432258064516129,89.25806451612902,69.83870967741936
2011-04-29,14.93225806451613,18.516129032258064,16.7241935483871,3.554838709677419,89.83870967741936,71.2258064516129
2011-04-30,14.916129032258064,18.058064516129036,16.48709677419355,3.6774193548387095,90.41935483870968,72.61290322580645
2011-05-01,14.9,17.6,16.25,3.8,91.0,74.0
2011-05-02,10.2,21.2,15.7,0.0,91.0,68.0
2011-05-03,14.7,18.7,16.7,0.4,88.0,68.0
2011-05-04,17.1,23.5,20.3,0.2,87.0,74.0
2011-05-05,5.7,16.2,10.95,0.0,79.0,48.0
2011-05-06,-4.0,14.8,5.4,0.0,76.0,46.0
2011-05-07,2.0,19.7,10.85,0.0,68.0,39.0
2011-05-08,13.5,24.9,19.2,0.0,57.0,53.0
2011-05-09,-1.0,13.6,6.3,0.0,63.0,46.0
2011-05-10,5.2,13.4,9.3,0.0,99.0,80.0
2011-05-11,9.7,15.7,12.7,0.0,48.0,39.0
2011-05-12,5.6,14.0,9.8,6.8,95.0,91.0
2011-05-13,10.0,14.7,12.35,3.0,88.0,52.0
2011-05-14,6.2,21.7,13.95,0.0,99.0,47.0
2011-05-15,9.8,19.0,14.4,0.2,74.0,64.0
2011-05-16,14.0,24.0,19.0,0.8,60.0,51.0
2011-05-17,-1.7,15.0,6.65,0.0,94.0,50.0
2011-05-18,12.1,23.8,17.95,0.2,64.0,51.0
2011-05-19,7.7,17.6,12.65,0.0,66.0,48.0
2011-05-20,7.7,19.4,13.549999999999999,0.0,93.0,51.0
2011-05-21,9.1,20.2,14.649999999999999,0.0,45.0,42.0
2011-05-22,5.8,22.0,13.9,0.0,94.0,53.0
2011-05-23,12.8,24.0,18.4,3.6,88.0,39.0
2011-05-24,8.7,13.8,11.25,4.4,99.0,65.0
2011-05-25,10.3,15.7,13.0,3.1,95.0,66.0
2011-05-26,12.2,19.7,15.95,1.8,45.0,45.0
2011-05-27,0.8,13.0,6.9,0.4,97.0,66.0
2011-05-28,8.5,17.4,12.95,0.0,75.0,67.0
2011-05-29,9.3,25.0,17.15,0.0,66.0,66.0
2011-05-30,9.8,18.2,14.0,0.2,91.0,95.0
2011-05-31,17.5,20.9,19.2,0.0,79.0,85.0
2011-06-01,16.1,21.0,18.55,4.6,65.0,63.0
2011-06-02,15.0,19.1,17.05,15.2,79.0,84.0
2011-06-03,7.1,16.2,11.649999999999999,0.4,88.0,48.0
2011-06-04,5.4,15.7,10.55,1.2,88.0,63.0
2011-06-05,7.8,14.6,11.2,0.2,89.0,96.0
2011-06-06,7.9,17.5,12.7,0.0,51.0,67.0
2011-06-07,8.1,15.8,11.95,1.4,88.0,51.0
2011-06-08,8.3,18.2,13.25,0.0,54.0,40.0
2011-06-09,7.7,13.1,10.4,0.2,92.0,89.0
2011-06-10,10.3,20.0,15.15,0.0,59.0,27.0
2011-06-11,9.9,15.7,12.8,7.8,86.0,80.0
2011-06-12,6.7,13.2,9.95,0.2,99.0,66.0
2011-06-13,8.8,17.5,13.15,0.0,51.0,30.0
2011-06-14,2.7,14.9,8.8,0.0,88.0,42.0
2011-06-15,1.2,13.8,7.5,0.2,91.0,65.0
2011-06-16,4.0,15.7,9.85,0.0,78.0,56.0
2011-06-17,0.8,12.4,6.6000000000000005,0.4,82.0,71.0
2011-06-18,5.5,12.9,9.2,1.6,99.0,85.0
2011-06-19,8.7,14.8,11.75,2.6,95.0,97.0
2011-06-20,5.9,20.9,13.399999999999999,0.0,68.0,39.0
2011-06-21,13.5,26.2,19.85,0.0,55.0,45.0
2011-06-22,7.6,14.4,11.0,4.2,83.0,83.0
2011-06-23,15.0,28.2,21.6,0.0,39.0,21.0
2011-06-24,1.3,19.7,10.5,0.0,81.0,37.0
2011-06-25,8.3,17.7,13.0,0.0,52.0,37.0
2011-06-26,3.3,11.7,7.5,0.2,98.0,72.0
2011-06-27,3.6,15.9,9.75,1.0,90.0,63.0
2011-06-28,6.8,15.2,11.0,0.0,86.0,68.0
2011-06-29,10.2,18.2,14.2,26.0,94.0,62.0
2011-06-30,10.2,17.3,13.75,0.6,74.0,95.0
2011-07-01,12.0,18.2,15.1,9.4,72.0,63.0
2011-07-02,8.9,18.1,13.5,0.6,86.0,59.0
2011-07-03,10.3,13.6,11.95,0.0,53.0,73.0
2011-07-04,8.4,14.2,11.3,1.4,78.0,54.0
2011-07-05,15.7,26.2,20.95,0.0,61.0,41.0
2011-07-06,10.2,14.9,12.55,1.0,89.0,84.0
2011-07-07,0.9,7.9,4.4,8.0,98.0,75.0
2011-07-08,5.9,12.3,9.100000000000001,0.0,95.0,87.0
2011-07-09,8.6,15.5,12.05,0.2,86.0,85.0
2011-07-10,-5.2,-1.2,-3.2,0.2,96.0,98.0
2011-07-11,0.0,15.7,7.85,0.0,62.0,38.0
2011-07-12,9.5,18.9,14.2,0.0,42.0,28.0
2011-07-13,3.5,16.6,10.05,0.0,88.0,73.0
2011-07-14,4.4,14.1,9.25,0.0,88.0,73.0
2011-07-15,7.5,14.2,10.85,0.4,58.0,65.0
2011-07-16,-0.3,11.1,5.3999999999999995,0.0,81.0,67.0
2011-07-17,2.9,16.7,9.799999999999999,0.0,89.0,48.0
2011-07-18,5.3,15.9,10.6,0.2,90.0,68.0
2011-07-19,8.4,12.4,10.4,3.8,92.0,96.0
2011-07-20,0.3,16.7,8.5,0.2,99.0,54.0
2011-07-21,11.1,13.3,12.2,39.2,94.0,92.0
2011-07-22,8.6,26.1,17.35,0.0,33.0,17.0
2011-07-23,-1.5,14.6,6.55,0.0,81.0,38.0
2011-07-24,9.2,20.4,14.799999999999999,0.0,52.0,56.0
2011-07-25,7.1,19.3,13.2,0.7,67.0,46.0
2011-07-26,11.7,25.3,18.5,0.0,64.0,47.0
2011-07-27,12.2,19.5,15.85,0.0,77.0,64.0
2011-07-28,7.2,21.5,14.35,0.0,59.0,42.0
2011-07-29,2.9,20.1,11.5,0.0,35.0,17.0
2011-07-30,13.2,20.7,16.95,17.0,90.0,56.0
2011-07-31,6.0,14.7,10.35,1.2,90.0,69.0
2011-08-01,11.5,18.4,14.95,6.2,80.0,75.0
2011-08-02,6.6,20.8,13.7,0.0,65.0,59.0
2011-08-03,12.6,23.2,17.9,0.0,54.0,31.0
2011-08-04,11.1,16.2,13.649999999999999,0.0,58.0,56.0
2011-08-05,15.9,26.0,20.95,0.0,59.0,51.0
2011-08-06,9.9,12.9,11.4,14.6,99.0,92.0
2011-08-07,7.4,19.2,13.3,0.0,41.0,21.0
2011-08-08,2.7,17.4,10.049999999999999,5.0,100.0,45.0
2011-08-09,5.5,14.1,9.8,38.0,81.0,77.0
2011-08-10,0.3,17.8,9.05,0.0,100.0,36.0
2011-08-11,4.3,19.4,11.85,0.0,68.0,35.0
2011-08-12,12.4,17.8,15.100000000000001,0.0,83.0,42.0
2011-08-13,8.3,18.9,13.6,2.6,78.0,51.0
2011-08-14,7.4,23.2,15.3,0.0,52.0,26.0
2011-08-15,10.7,20.3,15.5,6.0,87.0,48.0
2011-08-16,10.2,21.2,15.7,2.8,67.0,43.0
2011-08-17,10.6,23.4,17.0,0.0,65.0,37.0
2011-08-18,16.6,28.3,22.450000000000003,0.0,67.0,48.0
2011-08-19,10.0,17.3,13.65,2.2,94.0,71.0
2011-08-20,5.6,19.2,12.399999999999999,1.4666666666666668,61.0,59.0
2011-08-21,5.199999999999999,20.15,12.674999999999999,0.7333333333333334,62.5,46.5
2011-08-22,4.8,21.1,12.950000000000001,0.0,64.0,34.0
2011-08-23,8.6,24.0,16.3,0.0,29.0,18.0
2011-08-24,4.8,23.1,13.950000000000001,0.0,66.0,28.0
2011-08-25,4.6,17.7,11.149999999999999,0.0,66.0,46.0
2011-08-26,19.5,26.4,22.95,0.0,64.0,66.0
2011-08-27,4.6,19.5,12.05,0.0,64.0,43.0
2011-08-28,1.4,20.8,11.1,0.0,69.0,25.0
2011-08-29,22.0,34.8,28.4,0.0,75.0,51.0
2011-08-30,11.9,20.7,16.3,0.0,83.0,82.0
2011-08-31,11.9,18.8,15.350000000000001,0.0,81.0,62.0
2011-09-01,13.4,19.5,16.45,0.0,84.0,57.0
2011-09-02,3.3,19.1,11.200000000000001,0.0,85.0,46.0
2011-09-03,11.1,20.6,15.850000000000001,1.0,76.0,68.0
2011-09-04,3.4,10.1,6.75,0.0,75.0,88.0
2011-09-05,13.4,22.5,17.95,0.4,72.0,42.0
2011-09-06,7.2,13.4,10.3,6.6,77.0,82.0
2011-09-07,7.6,15.3,11.45,1.2,60.0,58.0
2011-09-08,6.8,20.2,13.5,0.0,53.0,42.0
2011-09-09,10.6,15.4,13.0,6.0,90.0,67.0
2011-09-10,19.1,25.9,22.5,0.0,29.0,36.0
2011-09-11,4.9,19.1,12.0,0.6,93.0,42.0
2011-09-12,8.6,20.2,14.399999999999999,0.0,45.0,34.0
2011-09-13,17.6,27.2,22.4,0.0,50.0,46.0
2011-09-14,11.4,18.2,14.8,0.0,54.0,59.0
2011-09-15,12.8,20.7,16.75,2.6,86.0,75.0
2011-09-16,2.6,22.8,12.700000000000001,0.0,65.0,30.0
2011-09-17,2.9,24.2,13.549999999999999,0.0,65.0,47.0
2011-09-18,5.5,23.9,14.7,0.0,52.0,36.0
2011-09-19,13.8,26.5,20.15,0.0,68.0,47.0
2011-09-20,9.4,27.5,18.45,0.0,34.0,30.0
2011-09-21,4.8,27.5,16.15,0.0,28.0,14.0
2011-09-22,4.3,24.6,14.450000000000001,0.0,59.0,33.0
2011-09-23,8.0,31.7,19.85,0.0,64.0,15.0
2011-09-24,14.7,17.8,16.25,0.2,65.0,76.0
2011-09-25,2.0,14.9,8.45,0.0,81.0,55.0
2011-09-26,3.6,19.5,11.55,0.0,65.0,59.0
2011-09-27,10.3,30.6,20.450000000000003,0.0,32.0,13.0
2011-09-28,8.5,23.9,16.2,0.0,59.0,37.0
2011-09-29,13.2,21.9,17.549999999999997,8.8,98.0,44.0
2011-09-30,7.1,14.2,10.649999999999999,1.8,58.0,63.0
2011-10-01,8.7,15.0,11.85,2.6,77.0,71.0
2011-10-02,1.7,15.5,8.6,0.2,72.0,40.0
2011-10-03,17.7,20.5,19.1,4.2,61.0,67.0
2011-10-04,9.0,23.3,16.15,0.0,48.0,24.0
2011-10-05,6.2,18.6,12.4,0.0,75.0,51.0
2011-10-06,8.7,23.6,16.15,0.0,62.0,43.0
2011-10-07,14.3,18.6,16.450000000000003,0.0,78.0,54.0
2011-10-08,13.9,21.3,17.6,12.8,99.0,76.0
2011-10-09,21.1,30.0,25.55,0.0,65.0,71.0
2011-10-10,5.8,14.7,10.25,2.0,91.0,91.0
2011-10-11,8.3,21.3,14.8,0.0,67.0,34.0
2011-10-12,12.2,19.6,15.9,0.0,64.0,62.0
2011-10-13,11.2,20.4,15.799999999999999,0.0,56.0,47.0
2011-10-14,13.6,24.0,18.8,0.0,56.0,49.0
2011-10-15,10.9,18.6,14.75,3.6,83.0,57.0
2011-10-16,8.7,15.5,12.1,4.2,57.0,47.0
2011-10-17,12.9,30.0,21.45,0.0,25.0,9.0
2011-10-18,1.4,22.1,11.75,0.0,71.0,32.0
2011-10-19,12.9,29.2,21.05,0.0,38.0,26.0
2011-10-20,4.4,26.5,15.45,0.0,50.0,26.0
2011-10-21,8.4,29.7,19.05,0.0,28.0,14.0
2011-10-22,16.0,26.5,21.25,0.0,71.0,58.0
2011-10-23,16.2,20.0,18.1,0.0,78.0,72.0
2011-10-24,15.7,29.2,22.45,0.0,62.0,35.0
2011-10-25,10.7,17.6,14.15,7.6,70.0,57.0
2011-10-26,8.1,22.7,15.399999999999999,0.0,52.0,37.0
2011-10-27,14.6,20.5,17.55,8.2,91.0,88.0
2011-10-28,12.2,16.1,14.15,1.0,59.0,58.0
2011-10-29,10.5,12.0,11.25,10.2,86.0,89.0
2011-10-30,18.1,26.5,22.3,0.2,37.0,23.0
2011-10-31,6.1,16.9,11.5,0.0,57.0,55.0
2011-11-01,10.8,15.8,13.3,0.6,95.0,73.0
2011-11-02,12.6,15.8,14.2,0.4,74.0,80.0
2011-11-03,13.7,27.7,20.7,0.0,51.0,27.0
2011-11-04,10.0,28.7,19.35,0.0,55.0,23.0
2011-11-05,11.75,30.35,21.05,0.0,61.0,33.5
2011-11-06,13.5,32.0,22.75,0.0,67.0,44.0
2011-11-07,19.1,30.2,24.65,0.0,73.0,73.0
2011-11-08,19.9,34.6,27.25,0.0,53.0,20.0
2011-11-09,20.0,29.9,24.95,0.2,48.0,62.0
2011-11-10,19.6,27.1,23.35,0.6,69.0,31.0
2011-11-11,7.5,19.0,13.25,0.0,67.0,64.0
2011-11-12,12.3,24.3,18.3,0.0,53.0,45.0
2011-11-13,23.7,30.8,27.25,0.0,33.0,39.0
2011-11-14,16.1,28.3,22.200000000000003,0.0,49.0,31.0
2011-11-15,8.3,29.5,18.9,0.0,54.0,22.0
2011-11-16,11.6,26.5,19.05,0.6,41.0,26.0
2011-11-17,7.2,26.9,17.05,0.0,73.0,41.0
2011-11-18,8.0,18.2,13.1,0.2,65.0,85.0
2011-11-19,10.1,18.5,14.3,0.0,55.0,56.0
2011-11-20,18.3,22.2,20.25,6.8,96.0,44.0
2011-11-21,16.9,23.6,20.25,3.0,62.0,57.0
2011-11-22,14.2,19.8,17.0,15.2,94.0,78.0
2011-11-23,7.0,16.7,11.85,0.0,77.0,54.0
2011-11-24,10.8,24.4,17.6,0.0,40.0,38.0
2011-11-25,15.4,20.0,17.7,7.6,89.0,89.0
2011-11-26,13.1,27.8,20.45,0.0,54.0,21.0
2011-11-27,24.0,32.2,28.1,0.0,61.0,49.0
2011-11-28,8.5,20.2,14.35,0.2,55.0,77.0
2011-11-29,14.1,30.5,22.3,0.0,70.0,38.0
2011-11-30,20.6,30.2,25.4,0.0,76.0,47.0
2011-12-01,9.5,22.5,16.0,0.0,48.0,36.0
2011-12-02,12.9,28.5,20.7,0.0,46.0,19.0
2011-12-03,15.8,27.1,21.450000000000003,0.0,49.0,44.0
2011-12-04,16.3,29.5,22.9,0.6,32.0,21.0
2011-12-05,19.4,25.6,22.5,0.0,64.0,58.0
2011-12-06,8.7,23.4,16.049999999999997,0.0,45.0,31.0
2011-12-07,11.2,25.7,18.45,0.0,51.0,32.0
2011-12-08,18.1,31.4,24.75,0.0,40.0,21.0
2011-12-09,16.7,23.9,20.299999999999997,0.6,81.0,57.0
2011-12-10,14.9,26.2,20.55,1.4,87.0,57.0
2011-12-11,13.2,19.1,16.15,18.8,92.0,61.0
2011-12-12,10.4,20.2,15.3,0.0,70.0,60.0
2011-12-13,14.7,19.8,17.25,1.4,79.0,72.0
2011-12-14,4.9,18.9,11.899999999999999,0.0,60.0,44.0
2011-12-15,6.3,23.2,14.75,0.0,66.0,50.0
2011-12-16,12.9,20.5,16.7,0.0,67.0,62.0
2011-12-17,13.9,31.9,22.9,0.0,64.0,41.0
2011-12-18,11.8,25.9,18.85,0.0,68.0,50.0
2011-12-19,15.5,21.8,18.65,10.4,97.0,75.0
2011-12-20,18.2,24.4,21.299999999999997,11.6,82.0,69.0
2011-12-21,13.9,25.7,19.8,0.0,81.0,51.0
2011-12-22,14.8,25.7,20.25,0.0,77.0,64.0
2011-12-23,17.5,33.3,25.4,0.0,31.0,9.0
2011-12-24,17.1,26.8,21.950000000000003,0.0,87.0,61.0
2011-12-25,22.9,34.8,28.849999999999998,0.0,27.0,25.0
2011-12-26,16.7,24.1,20.4,0.0,58.0,40.0
2011-12-27,26.6,34.0,30.3,0.0,68.0,65.0
2011-12-28,17.6,24.0,20.8,0.8,47.0,59.0
2011-12-29,17.8,25.0,21.4,0.4,50.0,49.0
2011-12-30,15.2,22.5,18.85,0.0,74.0,63.0
2011-12-31,14.5,24.7,19.6,0.0,57.0,46.0
2012-01-01,12.1,31.3,21.7,0.0,60.0,34.0
2012-01-02,17.6,38.8,28.2,0.0,54.0,21.0
2012-01-03,17.4,34.8,26.099999999999998,0.0,84.0,38.0
2012-01-04,19.7,23.8,21.75,0.0,85.0,82.0
2012-01-05,5.9,21.8,13.850000000000001,0.0,50.0,32.0
2012-01-06,18.4,22.5,20.45,2.2,83.0,62.0
2012-01-07,15.4,26.5,20.95,0.0,53.0,48.0
2012-01-08,11.05,24.0,17.525,0.0,61.5,46.0
2012-01-09,6.7,21.5,14.1,0.0,70.0,44.0
2012-01-10,12.6,23.5,18.05,0.0,51.0,22.0
2012-01-11,19.5,31.8,25.65,0.0,63.0,34.0
2012-01-12,-1.3,14.0,6.35,7.6,76.0,62.0
2012-01-13,12.6,18.7,15.649999999999999,0.6,66.0,46.0
2012-01-14,24.4,32.4,28.4,0.0,47.0,45.0
2012-01-15,25.5,32.0,28.75,0.0,70.0,75.0
2012-01-16,23.2,31.0,27.1,79.0,80.0,66.0
2012-01-17,17.9,24.9,21.4,1.2,78.0,72.0
2012-01-18,20.0,26.6,23.3,62.4,88.0,77.0
2012-01-19,17.3,35.3,26.299999999999997,0.0,46.0,33.0
2012-01-20,19.4,36.3,27.849999999999998,12.4,98.0,24.0
2012-01-21,20.0,35.3,27.65,9.8,45.0,47.0
2012-01-22,20.2,24.4,22.299999999999997,0.0,87.0,96.0
2012-01-23,21.9,26.9,24.4,6.2,74.0,90.0
2012-01-24,20.4,35.0,27.7,0.0,38.0,22.0
2012-01-25,19.7,23.3,21.5,5.2,99.0,99.0
2012-01-26,18.0,35.6,26.8,0.0,31.0,23.0
2012-01-27,10.3,23.6,16.950000000000003,0.0,61.0,43.0
2012-01-28,19.5,34.4,26.95,0.0,35.0,57.0
2012-01-29,19.5,25.4,22.45,0.0,70.0,43.0
2012-01-30,20.1,29.1,24.6,26.4,74.0,29.0
2012-01-31,11.9,19.2,15.55,10.8,61.0,35.0
2012-02-01,12.9,19.4,16.15,0.0,65.0,55.0
2012-02-02,24.8,29.7,27.25,0.0,78.0,76.0
2012-02-03,16.2,23.2,19.7,27.6,96.0,83.0
2012-02-04,13.9,27.7,20.8,0.0,84.0,29.0
2012-02-05,13.5,19.3,16.4,1.0,99.0,86.0
2012-02-06,13.1,22.9,18.0,0.0,53.0,59.0
2012-02-07,20.4,24.8,22.6,66.2,95.0,87.0
2012-02-08,13.5,21.1,17.3,0.0,60.0,47.0
2012-02-09,15.75,23.55,19.65,0.1,64.5,55.0
2012-02-10,18.0,26.0,22.0,0.2,69.0,63.0
2012-02-11,18.0,28.8,23.4,0.0,66.0,52.0
2012-02-12,14.4,21.4,17.9,4.4,91.0,79.0
2012-02-13,17.2,23.3,20.25,5.8,81.0,79.0
2012-02-14,12.7,30.1,21.4,0.0,100.0,39.0
2012-02-15,23.6,28.3,25.950000000000003,0.0,59.0,46.0
2012-02-16,18.9,25.7,22.299999999999997,0.0,67.0,69.0
2012-02-17,14.9,24.2,19.55,0.0,89.0,61.0
2012-02-18,18.0,36.3,27.15,0.0,59.0,25.0
2012-02-19,19.8,27.3,23.55,0.0,80.0,75.0
2012-02-20,19.8,37.3,28.549999999999997,0.0,42.0,24.0
2012-02-21,15.8,25.3,20.55,0.8,76.0,55.0
2012-02-22,11.7,26.6,19.15,0.0,73.0,48.0
2012-02-23,19.4,25.9,22.65,0.0,82.0,70.0
2012-02-24,15.7,30.9,23.299999999999997,0.0,86.0,40.0
2012-02-25,10.1,31.3,20.7,0.0,70.0,17.0
2012-02-26,23.4,35.5,29.45,0.0,40.0,34.0
2012-02-27,15.9,29.2,22.55,0.0,53.0,43.0
2012-02-28,14.2,19.9,17.049999999999997,58.6,98.0,73.0
2012-02-29,21.8,25.0,23.4,0.0,81.0,76.0
2012-03-01,22.75,28.0,25.375,36.1,87.5,73.5
2012-03-02,23.7,31.0,27.35,72.2,94.0,71.0
2012-03-03,15.5,24.8,20.15,3.4,91.0,61.0
2012-03-04,14.8,26.1,20.450000000000003,16.4,97.0,59.0
2012-03-05,19.1,24.2,21.65,0.0,56.0,52.0
2012-03-06,13.0,29.0,21.0,0.0,52.0,26.0
2012-03-07,15.8,23.2,19.5,0.0,49.0,42.0
2012-03-08,13.2,23.1,18.15,0.0,58.0,53.0
2012-03-09,14.3,27.2,20.75,0.0,67.0,46.0
2012-03-10,13.6,24.1,18.85,0.0,67.0,42.0
2012-03-11,24.0,32.4,28.2,24.0,82.0,94.0
2012-03-12,13.2,22.4,17.799999999999997,0.0,61.0,47.0
2012-03-13,13.7,29.9,21.799999999999997,0.0,77.0,45.0
2012-03-14,20.3,34.8,27.549999999999997,0.0,25.0,53.0
2012-03-15,15.8,21.8,18.8,0.0,83.0,96.0
2012-03-16,16.9,26.1,21.5,6.6,91.0,55.0
2012-03-17,7.8,21.8,14.8,0.4,100.0,52.0
2012-03-18,7.9,23.6,15.75,0.2,83.0,48.0
2012-03-19,22.6,27.2,24.9,77.4,95.0,96.0
2012-03-20,20.7,27.9,24.299999999999997,4.4,84.0,65.0
2012-03-21,19.83333333333333,27.5,23.666666666666664,2.9333333333333336,83.66666666666667,54.333333333333336
2012-03-22,18.96666666666667,27.1,23.033333333333335,1.4666666666666668,83.33333333333333,43.66666666666667
2012-03-23,18.1,26.7,22.4,0.0,83.0,33.0
2012-03-24,7.0,19.0,13.0,0.0,51.0,40.0
2012-03-25,11.5,23.4,17.45,0.0,64.0,55.0
2012-03-26,24.7,29.9,27.299999999999997,0.2,85.0,68.0
2012-03-27,22.5,28.8,25.65,42.4,90.0,79.0
2012-03-28,18.2,21.2,19.7,0.4,73.0,70.0
2012-03-29,12.7,26.5,19.6,0.0,82.0,54.0
2012-03-30,12.1,27.6,19.85,0.0,75.0,33.0
2012-03-31,14.5,22.3,18.4,0.0,80.0,45.0
2012-04-01,12.4,24.2,18.3,0.0,54.0,42.0
2012-04-02,16.3,25.0,20.65,2.6,62.0,54.0
2012-04-03,16.6,25.7,21.15,0.4,75.0,38.0
2012-04-04,15.3,25.4,20.35,0.0,74.0,58.0
2012-04-05,16.4,32.5,24.45,0.0,47.0,26.0
2012-04-06,13.8,30.7,22.25,0.2,45.0,82.0
2012-04-07,17.2,27.2,22.2,0.0,54.0,53.0
2012-04-08,6.8,18.5,12.65,0.0,55.0,39.0
2012-04-09,7.9,11.1,9.5,1.6,92.0,68.0
2012-04-10,14.1,35.9,25.0,0.0,26.0,16.0
2012-04-11,8.8,22.2,15.5,0.0,32.0,17.0
2012-04-12,18.4,22.9,20.65,2.6,83.0,80.0
2012-04-13,4.7,23.1,13.9,0.0,70.0,29.0
2012-04-14,11.4,24.2,17.8,0.0,50.0,32.0
2012-04-15,9.2,23.7,16.45,0.0,65.0,32.0
2012-04-16,8.8,25.8,17.3,0.0,68.0,31.0
2012-04-17,15.4,19.6,17.5,34.2,95.0,93.0
2012-04-18,11.6,27.2,19.4,0.0,57.0,26.0
2012-04-19,11.0,29.3,20.15,0.0,34.0,22.0
2012-04-20,17.4,27.0,22.2,2.2,74.0,64.0
2012-04-21,19.4,30.7,25.049999999999997,0.0,77.0,46.0
2012-04-22,13.0,30.2,21.6,0.0,59.0,28.0
2012-04-23,6.5,17.2,11.85,2.2,82.0,59.0
2012-04-24,13.1,23.1,18.1,4.2,100.0,57.0
2012-04-25,9.1,18.4,13.75,5.4,84.0,57.0
2012-04-26,16.0,31.9,23.95,0.0,32.0,13.0
2012-04-27,16.4,22.2,19.299999999999997,0.0,43.0,68.0
2012-04-28,8.0,19.7,13.85,0.0,74.0,58.0
2012-04-29,19.8,28.8,24.3,0.0,67.0,60.0
2012-04-30,19.4,30.9,25.15,0.0,60.0,58.0
2012-05-01,10.4,20.0,15.2,0.0,36.0,93.0
2012-05-02,22.0,32.8,27.4,0.0,71.0,56.0
2012-05-03,16.8,25.2,21.0,1.0,69.0,68.0
2012-05-04,8.3,20.6,14.450000000000001,0.0,60.0,38.0
2012-05-05,6.6000000000000005,20.0,13.3,0.0,61.0,37.5
2012-05-06,4.9,19.4,12.149999999999999,0.0,62.0,37.0
2012-05-07,5.9,14.1,10.0,0.2,95.0,67.0
2012-05-08,13.4,30.8,22.1,0.0,21.0,8.0
2012-05-09,9.4,24.3,16.85,1.0,60.5,32.5
2012-05-10,5.4,17.8,11.600000000000001,2.0,100.0,57.0
2012-05-11,18.4,26.5,22.45,0.0,61.0,64.0
2012-05-12,-0.2,14.7,7.25,0.2,68.0,40.0
2012-05-13,22.2,29.0,25.6,0.8,74.0,65.0
2012-05-14,4.3,16.1,10.200000000000001,0.6,75.0,46.0
2012-05-15,1.8,19.4,10.6,0.0,82.0,38.0
2012-05-16,3.2,17.0,10.1,0.0,94.0,58.0
2012-05-17,-0.3,15.2,7.449999999999999,0.0,88.0,55.0
2012-05-18,1.2999999999999998,18.35,9.825000000000001,0.0,88.0,44.0
2012-05-19,2.9,21.5,12.2,0.0,88.0,33.0
2012-05-20,2.5,23.9,13.2,0.0,63.0,27.0
2012-05-21,9.1,22.3,15.7,0.0,64.0,25.0
2012-05-22,9.4,18.3,13.850000000000001,0.0,58.0,43.0
2012-05-23,9.6,21.1,15.350000000000001,0.0,68.0,31.0
2012-05-24,-1.5,14.0,6.25,0.0,70.0,89.0
2012-05-25,17.7,19.8,18.75,0.4,93.0,88.0
2012-05-26,8.1,16.8,12.45,45.8,87.0,42.0
2012-05-27,4.2,17.6,10.9,0.0,70.0,45.0
2012-05-28,12.8,21.6,17.200000000000003,0.2,74.0,54.0
2012-05-29,13.6,20.2,16.9,1.0,66.0,81.0
2012-05-30,10.4,18.5,14.45,1.4,80.0,63.0
2012-05-31,12.7,17.4,15.049999999999999,0.0,65.0,70.0
2012-06-01,2.2,17.4,9.799999999999999,0.0,100.0,68.0
2012-06-02,5.5,9.9,7.7,1.0,95.0,96.0
2012-06-03,14.9,16.3,15.600000000000001,19.8,95.0,94.0
2012-06-04,13.2,20.3,16.75,14.4,97.0,72.0
2012-06-05,10.6,18.1,14.350000000000001,0.2,56.0,35.0
2012-06-06,6.8,13.6,10.2,2.0,92.0,60.0
2012-06-07,-1.1,13.2,6.05,0.0,82.0,57.0
2012-06-08,0.7,16.9,8.799999999999999,0.2,99.0,41.0
2012-06-09,13.5,26.3,19.9,0.0,72.0,52.0
2012-06-10,8.7,13.0,10.85,0.0,86.0,61.0
2012-06-11,5.6,14.2,9.899999999999999,0.0,91.0,62.0
2012-06-12,2.5,15.4,8.95,0.0,96.0,63.0
2012-06-13,10.4,12.6,11.5,24.2,55.0,68.0
2012-06-14,9.9,24.6,17.25,0.0,72.0,44.0
2012-06-15,7.2,27.8,17.5,0.0,48.0,22.0
2012-06-16,0.7,16.7,8.7,0.0,82.0,55.0
2012-06-17,0.7,17.9,9.299999999999999,0.0,71.5,41.0
2012-06-18,0.7,19.1,9.9,0.0,61.0,27.0
2012-06-19,5.0,12.7,8.85,0.2,71.0,52.0
2012-06-20,10.6,21.9,16.25,0.0,66.0,56.0
2012-06-21,10.65,19.55,15.100000000000001,0.0,55.0,56.0
2012-06-22,10.7,17.2,13.95,0.0,44.0,56.0
2012-06-23,-2.3,11.0,4.35,0.0,100.0,48.0
2012-06-24,14.0,20.9,17.45,0.0,48.0,50.0
2012-06-25,11.0,14.4,12.7,5.6,84.0,76.0
2012-06-26,2.9,11.9,7.4,0.2,71.0,48.0
2012-06-27,21.0,27.8,24.4,0.8,93.0,59.0
2012-06-28,2.9,15.0,8.95,0.0,73.0,48.0
2012-06-29,6.3,17.7,12.0,1.4,80.0,54.0
2012-06-30,5.4,20.2,12.8,0.0,90.0,45.0
2012-07-01,4.3,11.0,7.65,0.0,91.0,82.0
2012-07-02,-4.1,12.6,4.25,0.0,90.0,44.0
2012-07-03,-5.8,12.0,3.1,0.0,97.0,39.0
2012-07-04,4.6,12.9,8.75,2.8,93.0,65.0
2012-07-05,-4.8,0.8,-2.0,2.0,99.0,86.0
2012-07-06,12.7,19.4,16.049999999999997,0.0,68.0,64.0
2012-07-07,11.3,18.0,14.65,12.2,64.0,57.0
2012-07-08,5.1,15.5,10.3,0.0,57.0,40.0
2012-07-09,2.1,17.7,9.9,0.0,100.0,59.0
2012-07-10,6.1,11.9,9.0,0.0,70.0,92.0
2012-07-11,10.4,20.8,15.600000000000001,8.2,67.0,39.0
2012-07-12,12.2,23.8,18.0,0.0,35.0,33.0
2012-07-13,14.7,18.1,16.4,14.6,97.0,91.0
2012-07-14,5.4,14.3,9.850000000000001,0.0,83.0,66.0
2012-07-15,3.8,19.0,11.4,0.0,60.0,38.0
2012-07-16,9.4,16.7,13.05,3.0,86.0,87.0
2012-07-17,3.9,16.6,10.25,7.0,93.0,41.0
2012-07-18,5.6,13.6,9.6,3.0,94.0,75.0
2012-07-19,8.9,14.9,11.9,0.0,66.0,83.0
2012-07-20,4.1,17.0,10.55,0.4,87.0,57.0
2012-07-21,-0.4,15.7,7.6499999999999995,0.0,92.0,45.0
2012-07-22,5.6,19.0,12.3,0.0,79.0,67.0
2012-07-23,9.9,15.5,12.7,4.4,88.0,70.0
2012-07-24,10.1,19.0,14.55,0.0,45.0,36.0
2012-07-25,9.5,18.9,14.2,0.6,69.0,49.0
2012-07-26,6.2,12.9,9.55,0.0,88.0,83.0
2012-07-27,3.6,14.7,9.15,0.0,95.0,49.0
2012-07-28,6.15,15.35,10.75,0.0,78.5,53.5
2012-07-29,8.7,16.0,12.35,0.0,62.0,58.0
2012-07-30,8.9,23.0,15.95,0.0,62.0,30.0
2012-07-31,4.4,13.1,8.75,0.2,95.0,64.0
2012-08-01,7.8,21.1,14.450000000000001,0.0,70.0,32.0
2012-08-02,6.5,17.4,11.95,0.0,58.0,37.0
2012-08-03,3.1,15.7,9.4,0.0,64.0,49.0
2012-08-04,-1.1,15.5,7.2,0.0,84.0,50.0
2012-08-05,8.9,19.7,14.3,1.0,76.0,57.0
2012-08-06,5.3,11.1,8.2,3.2,79.0,81.0
2012-08-07,6.9,20.2,13.55,0.0,54.0,31.0
2012-08-08,6.5,15.7,11.1,0.0,93.0,68.0
2012-08-09,4.7,18.9,11.799999999999999,0.0,76.0,28.0
2012-08-10,6.9,14.1,10.5,3.0,88.0,61.0
2012-08-11,8.8,13.5,11.15,0.4,99.0,90.0
2012-08-12,4.3,15.7,10.0,0.6,73.0,52.0
2012-08-13,1.8,19.6,10.700000000000001,0.0,61.0,31.0
2012-08-14,5.1,14.2,9.649999999999999,0.0,62.0,64.0
2012-08-15,-0.4,16.6,8.100000000000001,0.0,75.0,44.0
2012-08-16,5.3,19.4,12.35,0.0,67.0,28.0
2012-08-17,6.1,10.0,8.05,1.0,91.0,87.0
2012-08-18,16.1,27.3,21.700000000000003,0.0,77.0,68.0
2012-08-19,9.8,19.0,14.4,0.0,77.0,84.0
2012-08-20,10.0,14.3,12.15,0.0,88.0,73.0
2012-08-21,6.3,20.6,13.450000000000001,0.0,42.0,18.0
2012-08-22,11.8,17.0,14.4,12.0,62.0,45.0
2012-08-23,14.8,26.2,20.5,0.0,67.0,73.0
2012-08-24,11.0,19.9,15.45,1.9,79.0,78.0
2012-08-25,7.2,13.6,10.4,3.8,91.0,83.0
2012-08-26,2.2,17.4,9.799999999999999,0.0,49.0,33.0
2012-08-27,7.4,18.0,12.7,0.0,50.0,56.0
2012-08-28,20.1,34.4,27.25,0.0,82.0,36.0
2012-08-29,10.4,16.2,13.3,9.6,84.0,66.0
2012-08-30,11.3,25.6,18.450000000000003,0.0,63.0,60.0
2012-08-31,7.0,22.4,14.7,0.0,46.0,83.0
2012-09-01,6.6,12.6,9.6,0.8,97.0,69.0
2012-09-02,16.5,26.2,21.35,0.0,60.0,49.0
2012-09-03,4.0,17.4,10.7,0.2,99.0,81.0
2012-09-04,3.3,24.8,14.05,0.0,44.0,13.0
2012-09-05,12.1,14.0,13.05,0.6,89.0,66.0
2012-09-06,14.0,28.3,21.15,0.0,62.0,57.0
2012-09-07,8.0,12.8,10.4,0.0,67.0,39.0
2012-09-08,1.1,21.5,11.3,0.0,24.0,16.0
2012-09-09,10.9,18.8,14.850000000000001,0.0,46.0,20.0
2012-09-10,5.8,24.3,15.05,0.0,50.0,38.0
2012-09-11,4.4,20.6,12.5,0.0,71.0,40.0
2012-09-12,5.333333333333334,20.066666666666663,12.7,0.2,78.0,51.66666666666666
2012-09-13,6.266666666666668,19.53333333333333,12.9,0.4000000000000001,85.0,63.33333333333333
2012-09-14,7.2,19.0,13.1,0.6000000000000001,92.0,75.0
2012-09-15,-2.8,10.3,3.7500000000000004,0.8,35.0,60.0
2012-09-16,4.6,23.3,13.95,0.0,69.0,36.0
2012-09-17,21.2,32.2,26.700000000000003,0.0,68.0,46.0
2012-09-18,14.8,21.0,17.9,9.8,70.0,71.0
2012-09-19,1.4,17.8,9.6,0.0,100.0,58.0
2012-09-20,7.8,21.5,14.65,0.0,67.0,60.0
2012-09-21,17.0,29.1,23.05,0.0,57.0,49.0
2012-09-22,10.05,24.5,17.275,0.1,77.0,50.5
2012-09-23,3.1,19.9,11.5,0.2,97.0,52.0
2012-09-24,7.9,15.2,11.55,1.4,53.0,43.0
2012-09-25,12.0,19.1,15.55,0.2,51.0,63.0
2012-09-26,15.4,22.1,18.75,0.2,66.0,62.0
2012-09-27,10.7,14.9,12.8,12.0,59.0,60.0
2012-09-28,15.1,31.0,23.05,0.0,52.0,21.0
2012-09-29,14.9,29.3,22.1,0.0,50.0,53.0
2012-09-30,3.1,13.9,8.5,1.0,43.0,38.0
2012-10-01,7.6,22.3,14.95,0.0,53.0,32.0
2012-10-02,5.8,23.2,14.5,0.0,67.0,25.0
2012-10-03,20.3,28.7,24.5,0.0,53.0,48.0
2012-10-04,14.4,29.7,22.05,0.0,40.0,54.0
2012-10-05,10.6,32.7,21.650000000000002,0.0,41.0,26.0
2012-10-06,7.55,23.6,15.575000000000001,1.7,63.5,40.0
2012-10-07,4.5,14.5,9.5,3.4,86.0,54.0
2012-10-08,3.4,18.6,11.0,0.0,77.0,49.0
2012-10-09,8.3,21.6,14.950000000000001,0.0,75.0,33.0
2012-10-10,7.8,24.8,16.3,0.0,74.0,39.0
2012-10-11,13.8,17.7,15.75,1.0,85.0,73.0
2012-10-12,20.9,30.3,25.6,0.0,72.0,45.0
2012-10-13,11.1,23.5,17.3,0.0,36.0,45.0
2012-10-14,4.9,24.0,14.45,0.0,51.0,21.0
2012-10-15,24.3,34.4,29.35,0.0,68.0,46.0
2012-10-16,11.4,25.8,18.6,0.2,52.0,57.0
2012-10-17,8.2,16.8,12.5,0.2,53.0,39.0
2012-10-18,16.2,23.5,19.85,0.0,59.0,53.0
2012-10-19,15.8,25.7,20.75,0.0,80.0,80.0
2012-10-20,8.0,18.8,13.4,0.0,90.0,78.0
2012-10-21,11.2,19.2,15.2,0.2,59.0,27.0
2012-10-22,17.1,24.2,20.65,0.4,73.0,69.0
2012-10-23,9.9,20.5,15.2,4.6,61.0,41.0
2012-10-24,13.2,32.4,22.799999999999997,0.0,14.0,6.0
2012-10-25,8.5,11.2,9.85,4.6,93.0,91.0
2012-10-26,-0.3,24.1,11.9,0.0,48.0,25.0
2012-10-27,16.2,29.6,22.9,0.0,61.0,57.0
2012-10-28,9.6,18.2,13.899999999999999,0.0,75.0,53.0
2012-10-29,6.1,23.8,14.95,0.0,75.0,29.0
2012-10-30,6.4,29.8,18.1,0.0,81.0,21.0
2012-10-31,16.8,29.2,23.0,0.0,56.0,74.0
2012-11-01,14.5,20.2,17.35,0.0,69.0,60.0
2012-11-02,9.0,14.1,11.55,1.0,72.0,67.0
2012-11-03,6.0,21.4,13.7,0.0,74.0,48.0
2012-11-04,16.1,23.7,19.9,3.6,82.0,68.0
2012-11-05,23.8,28.0,25.9,0.0,55.0,38.0
2012-11-06,13.6,21.8,17.7,0.4,81.0,48.0
2012-11-07,18.4,20.0,19.2,10.6,95.0,93.0
2012-11-08,17.9,26.1,22.0,11.8,85.0,78.0
2012-11-09,18.8,29.5,24.15,0.0,62.0,60.0
2012-11-10,16.6,36.6,26.6,0.0,11.0,30.0
2012-11-11,14.9,21.7,18.3,0.0,40.0,46.0
2012-11-12,22.8,33.4,28.1,11.8,76.0,59.0
2012-11-13,10.6,26.5,18.55,0.0,56.0,15.0
2012-11-14,9.9,24.6,17.25,0.0,61.0,35.0
2012-11-15,4.0,15.8,9.9,0.0,80.0,75.0
2012-11-16,11.6,23.7,17.65,0.0,52.0,35.0
2012-11-17,7.2,13.9,10.55,0.2,49.0,54.0
2012-11-18,11.4,21.8,16.6,0.0,69.0,31.0
2012-11-19,6.8,21.8,14.3,5.4,83.0,44.0
2012-11-20,9.8,30.7,20.25,0.0,58.0,25.0
2012-11-21,14.7,32.4,23.549999999999997,0.0,50.0,14.0
2012-11-22,27.2,34.6,30.9,0.0,68.0,59.0
2012-11-23,15.8,34.0,24.9,0.0,28.0,11.0
2012-11-24,25.5,34.1,29.8,0.0,68.0,76.0
2012-11-25,12.3,24.0,18.15,0.0,39.0,34.0
2012-11-26,17.0,31.6,24.3,0.0,78.0,60.0
2012-11-27,21.1,31.1,26.1,3.4,67.0,49.0
2012-11-28,23.5,31.4,27.45,0.0,50.0,51.0
2012-11-29,15.2,23.4,19.299999999999997,0.0,58.0,66.0
2012-11-30,25.2,35.7,30.450000000000003,0.0,45.0,29.0
2012-12-01,24.98125,35.759375000000006,30.370312500000004,0.0,44.46875,29.65625
2012-12-02,24.7625,35.81875,30.290625,0.0,43.9375,30.3125
2012-12-03,24.54375,35.878125000000004,30.2109375,0.0,43.40625,30.96875
2012-12-04,24.325,35.9375,30.13125,0.0,42.875,31.625
2012-12-05,24.10625,35.996875,30.051562500000003,0.0,42.34375,32.28125
2012-12-06,23.8875,36.056250000000006,29.971875000000004,0.0,41.8125,32.9375
2012-12-07,23.66875,36.115625,29.8921875,0.0,41.28125,33.59375
2012-12-08,23.45,36.175,29.8125,0.0,40.75,34.25
2012-12-09,23.23125,36.234375,29.7328125,0.0,40.21875,34.90625
2012-12-10,23.0125,36.29375,29.653125000000003,0.0,39.6875,35.5625
2012-12-11,22.79375,36.353125000000006,29.573437500000004,0.0,39.15625,36.21875
2012-12-12,22.575,36.4125,29.49375,0.0,38.625,36.875
2012-12-13,22.35625,36.471875,29.4140625,0.0,38.09375,37.53125
2012-12-14,22.1375,36.53125,29.334375,0.0,37.5625,38.1875
2012-12-15,21.91875,36.590625,29.254687500000003,0.0,37.03125,38.84375
2012-12-16,21.7,36.650000000000006,29.175000000000004,0.0,36.5,39.5
2012-12-17,21.48125,36.709375,29.0953125,0.0,35.96875,40.15625
2012-12-18,21.2625,36.76875,29.015625,0.0,35.4375,40.8125
2012-12-19,21.04375,36.828125,28.9359375,0.0,34.90625,41.46875
2012-12-20,20.825,36.8875,28.856250000000003,0.0,34.375,42.125
2012-12-21,20.60625,36.946875,28.776562499999997,0.0,33.84375,42.78125
2012-12-22,20.3875,37.00625,28.696875,0.0,33.3125,43.4375
2012-12-23,20.16875,37.065625,28.6171875,0.0,32.78125,44.09375
2012-12-24,19.95,37.125,28.5375,0.0,32.25,44.75
2012-12-25,19.73125,37.184375,28.457812500000003,0.0,31.71875,45.40625
2012-12-26,19.5125,37.24375,28.378124999999997,0.0,31.1875,46.0625
2012-12-27,19.29375,37.303125,28.2984375,0.0,30.65625,46.71875
2012-12-28,19.075,37.3625,28.21875,0.0,30.125,47.375
2012-12-29,18.85625,37.421875,28.1390625,0.0,29.59375,48.03125
2012-12-30,18.6375,37.48125,28.059375000000003,0.0,29.0625,48.6875
2012-12-31,18.41875,37.540625,27.979687499999997,0.0,28.53125,49.34375
2013-01-01,18.2,37.6,27.9,0.0,28.0,50.0
2013-01-02,8.9,23.9,16.4,0.2,48.0,30.0
2013-01-03,20.8,40.6,30.700000000000003,0.0,14.0,11.0
2013-01-04,20.9,35.8,28.349999999999998,0.0,57.0,32.0
2013-01-05,20.2,28.9,24.549999999999997,0.0,74.0,74.0
2013-01-06,16.4,34.8,25.599999999999998,0.0,49.0,20.0
2013-01-07,19.8,30.5,25.15,0.2,54.0,49.0
2013-01-08,17.2,41.1,29.15,0.0,53.0,15.0
2013-01-09,12.15,32.15,22.15,0.0,54.0,30.5
2013-01-10,7.1,23.2,15.149999999999999,0.0,55.0,46.0
2013-01-11,21.2,29.6,25.4,0.0,62.0,59.0
2013-01-12,18.8,38.1,28.450000000000003,0.0,58.0,34.0
2013-01-13,24.2,41.7,32.95,0.0,22.0,14.0
2013-01-14,17.1,23.7,20.4,8.6,69.0,49.0
2013-01-15,14.8,28.8,21.8,0.2,59.0,39.0
2013-01-16,19.8,35.0,27.4,0.0,56.0,34.0
2013-01-17,20.4,45.0,32.7,0.0,15.0,9.0
2013-01-18,19.4,26.9,23.15,0.0,69.0,31.0
2013-01-19,18.7,31.1,24.9,0.0,45.0,19.0
2013-01-20,11.9,33.3,22.599999999999998,0.0,53.0,22.0
2013-01-21,19.4,31.5,25.45,0.0,51.0,45.0
2013-01-22,14.1,29.1,21.6,0.0,59.0,40.0
2013-01-23,23.1,40.0,31.55,0.0,9.0,12.0
2013-01-24,19.7,41.4,30.549999999999997,0.0,25.0,4.0
2013-01-25,18.1,24.8,21.450000000000003,0.0,51.0,27.0
2013-01-26,22.9,30.0,26.45,0.0,86.0,82.0
2013-01-27,28.4,37.4,32.9,0.0,65.0,57.0
2013-01-28,12.1,26.4,19.25,0.2,73.0,44.0
2013-01-29,19.1,29.3,24.200000000000003,111.8,95.0,71.0
2013-01-30,6.9,19.5,13.2,0.4,85.0,47.0
2013-01-31,13.6,16.9,15.25,4.4,100.0,96.0
2013-02-01,13.76206896551724,17.186206896551724,15.474137931034482,4.248275862068966,98.6896551724138,95.0
2013-02-02,13.924137931034483,17.472413793103446,15.698275862068964,4.096551724137932,97.3793103448276,94.0
2013-02-03,14.086206896551724,17.75862068965517,15.922413793103448,3.944827586206897,96.06896551724138,93.0
2013-02-04,14.248275862068963,18.044827586206896,16.14655172413793,3.793103448275862,94.75862068965516,92.0
2013-02-05,14.410344827586206,18.331034482758614,16.37068965517241,3.641379310344828,93.44827586206895,91.0
2013-02-06,14.572413793103449,18.617241379310343,16.594827586206897,3.4896551724137934,92.13793103448276,90.0
2013-02-07,14.73448275862069,18.90344827586207,16.81896551724138,3.337931034482759,90.82758620689656,89.0
2013-02-08,14.89655172413793,19.189655172413797,17.043103448275865,3.1862068965517243,89.51724137931035,88.0
2013-02-09,15.058620689655172,19.475862068965515,17.26724137931034,3.03448275862069,88.20689655172414,87.0
2013-02-10,15.220689655172414,19.76206896551724,17.491379310344826,2.882758620689655,86.89655172413794,86.0
2013-02-11,15.382758620689655,20.04827586206896,17.715517241379306,2.731034482758621,85.58620689655173,85.0
2013-02-12,15.544827586206896,20.334482758620688,17.939655172413794,2.5793103448275865,84.27586206896552,84.0
2013-02-13,15.70689655172414,20.620689655172413,18.163793103448278,2.427586206896552,82.9655172413793,83.0
2013-02-14,15.86896551724138,20.906896551724135,18.387931034482758,2.2758620689655173,81.65517241379311,82.0
2013-02-15,16.03103448275862,21.19310344827586,18.61206896551724,2.124137931034483,80.34482758620689,81.0
2013-02-16,16.193103448275863,21.479310344827585,18.836206896551722,1.972413793103448,79.0344827586207,80.0
2013-02-17,16.355172413793102,21.76551724137931,19.060344827586206,1.8206896551724137,77.72413793103448,79.0
2013-02-18,16.517241379310345,22.051724137931032,19.28448275862069,1.6689655172413795,76.41379310344827,78.0
2013-02-19,16.679310344827584,22.33793103448276,19.508620689655174,1.5172413793103448,75.10344827586206,77.0
2013-02-20,16.841379310344827,22.624137931034483,19.732758620689655,1.3655172413793104,73.79310344827586,76.0
2013-02-21,17.00344827586207,22.910344827586208,19.95689655172414,1.213793103448276,72.48275862068965,75.0
2013-02-22,17.165517241379312,23.19655172413793,20.18103448275862,1.0620689655172413,71.17241379310344,74.0
2013-02-23,17.32758620689655,23.48275862068965,20.405172413793103,0.9103448275862068,69.86206896551724,73.0
2013-02-24,17.489655172413794,23.768965517241377,20.629310344827587,0.7586206896551726,68.55172413793103,72.0
2013-02-25,17.651724137931033,24.055172413793105,20.85344827586207,0.6068965517241378,67.24137931034483,71.0
2013-02-26,17.813793103448276,24.341379310344827,21.07758620689655,0.4551724137931034,65.93103448275862,70.0
2013-02-27,17.97586206896552,24.627586206896552,21.301724137931036,0.3034482758620687,64.62068965517241,69.0
2013-02-28,18.13793103448276,24.913793103448278,21.52586206896552,0.1517241379310343,63.310344827586206,68.0
2013-03-01,18.3,25.2,21.75,0.0,62.0,67.0
2013-03-02,1.7,9.6,5.6499999999999995,0.0,93.0,82.0
2013-03-03,24.3,31.2,27.75,61.2,80.0,68.0
2013-03-04,18.0,24.7,21.35,0.0,74.0,61.0
2013-03-05,17.6,29.5,23.55,0.0,50.0,31.0
2013-03-06,20.9,28.7,24.799999999999997,0.0,75.0,58.0
2013-03-07,24.6,36.5,30.55,0.0,53.0,29.0
2013-03-08,18.9,34.0,26.45,0.0,52.0,25.0
2013-03-09,15.1,26.1,20.6,0.0,78.0,41.0
2013-03-10,19.2,36.3,27.75,0.0,65.0,28.0
2013-03-11,18.1,28.9,23.5,0.0,91.0,52.0
2013-03-12,18.0,25.3,21.65,2.0,86.0,65.0
2013-03-13,14.3,22.0,18.15,0.0,71.0,61.0
2013-03-14,20.8,23.7,22.25,0.2,74.0,76.0
2013-03-15,19.7,24.2,21.95,0.0,83.0,90.0
2013-03-16,15.9,20.5,18.2,12.4,98.0,91.0
2013-03-17,19.6,21.1,20.35,0.0,62.0,59.0
2013-03-18,21.7,25.8,23.75,0.0,63.0,62.0
2013-03-19,14.3,24.7,19.5,0.0,66.0,48.0
2013-03-20,18.5,31.2,24.85,0.0,52.0,26.0
2013-03-21,17.3,40.3,28.799999999999997,0.0,10.0,12.0
2013-03-22,9.7,17.0,13.35,2.0,88.0,46.0
2013-03-23,15.3,22.1,18.700000000000003,0.0,66.0,59.0
2013-03-24,15.0,19.9,17.45,1.0,86.0,71.0
2013-03-25,18.6,25.8,22.200000000000003,0.0,55.0,71.0
2013-03-26,17.1,24.4,20.75,1.0,75.0,52.0
2013-03-27,21.4,25.9,23.65,0.0,82.0,78.0
2013-03-28,18.9,30.4,24.65,0.0,71.0,37.0
2013-03-29,22.6,29.9,26.25,2.6,83.0,53.0
2013-03-30,15.4,24.5,19.95,0.0,75.0,56.0
2013-03-31,18.0,28.3,23.15,0.0,73.0,73.0
2013-04-01,6.8,20.9,13.85,0.0,72.0,52.0
2013-04-02,22.5,33.6,28.05,0.0,86.0,55.0
2013-04-03,8.0,16.2,12.1,0.8,55.0,37.0
2013-04-04,15.0,19.1,17.05,42.4,93.0,91.0
2013-04-05,6.9,23.5,15.2,0.0,99.0,38.0
2013-04-06,16.3,22.1,19.200000000000003,0.0,77.0,84.0
2013-04-07,14.8,22.1,18.450000000000003,4.2,84.0,68.0
2013-04-08,15.2,31.7,23.45,0.0,76.0,41.0
2013-04-09,14.4,28.7,21.55,0.0,37.0,19.0
2013-04-10,10.9,25.1,18.0,0.0,99.0,51.0
2013-04-11,15.3,28.9,22.1,0.0,42.0,18.0
2013-04-12,9.7,25.3,17.5,0.0,71.0,35.0
2013-04-13,17.0,20.2,18.6,2.4,81.0,74.0
2013-04-14,14.4,24.8,19.6,0.0,80.0,53.0
2013-04-15,17.9,23.1,20.5,36.0,88.0,84.0
2013-04-16,7.0,21.9,14.45,0.0,62.0,26.0
2013-04-17,25.1,35.4,30.25,0.0,75.0,54.0
2013-04-18,13.0,27.8,20.4,0.0,40.0,25.0
2013-04-19,17.9,26.2,22.049999999999997,7.0,41.0,25.0
2013-04-20,14.85,22.4,18.625,14.0,55.0,43.0
2013-04-21,11.8,18.6,15.200000000000001,21.0,69.0,61.0
2013-04-22,9.7,20.7,15.2,7.2,72.0,62.0
2013-04-23,9.4,24.0,16.7,0.2,57.0,33.0
2013-04-24,14.1,21.5,17.8,0.0,46.0,53.0
2013-04-25,3.8,20.6,12.200000000000001,0.0,76.0,48.0
2013-04-26,8.0,24.9,16.45,0.0,67.0,37.0
2013-04-27,14.7,25.0,19.85,0.0,35.0,28.0
2013-04-28,12.7,16.6,14.65,8.0,94.0,87.0
2013-04-29,11.9,19.4,15.649999999999999,17.8,85.0,74.0
2013-04-30,10.4,24.6,17.5,0.0,94.0,50.0
2013-05-01,8.5,17.4,12.95,1.2,83.0,59.0
2013-05-02,7.0,18.3,12.65,1.8,76.0,44.0
2013-05-03,13.0,22.7,17.85,1.2,80.0,67.0
2013-05-04,12.9,28.6,20.75,0.0,71.0,34.0
2013-05-05,11.0,19.5,15.25,0.0,92.0,80.0
2013-05-06,14.8,23.9,19.35,0.0,70.0,63.0
2013-05-07,11.1,31.8,21.45,0.0,28.0,12.0
2013-05-08,12.6,21.7,17.15,0.8,77.0,53.0
2013-05-09,7.6,22.5,15.05,0.0,88.0,52.0
2013-05-10,9.45,22.45,15.95,0.1,80.5,49.0
2013-05-11,11.3,22.4,16.85,0.2,73.0,46.0
2013-05-12,14.2,21.1,17.65,3.0,90.0,44.0
2013-05-13,8.0,13.7,10.85,22.4,100.0,75.0
2013-05-14,10.5,21.9,16.2,0.0,62.0,38.0
2013-05-15,10.5,17.6,14.05,0.0,65.0,52.0
2013-05-16,10.0,21.1,15.55,0.2,65.0,42.0
2013-05-17,6.45,17.4,11.924999999999999,0.2,77.0,50.0
2013-05-18,2.9,13.7,8.299999999999999,0.2,89.0,58.0
2013-05-19,8.0,21.9,14.95,0.0,73.0,42.0
2013-05-20,8.6,21.85,15.225000000000001,0.0,65.5,42.0
2013-05-21,9.2,21.8,15.5,0.0,58.0,42.0
2013-05-22,9.0,16.9,12.95,0.0,71.0,69.0
2013-05-23,11.8,18.9,15.35,17.2,78.0,88.0
2013-05-24,13.3,20.0,16.65,8.2,83.0,77.0
2013-05-25,3.5,18.0,10.75,0.4,80.0,59.0
2013-05-26,11.5,24.9,18.2,0.0,62.0,53.0
2013-05-27,6.4,16.4,11.399999999999999,0.2,93.0,93.0
2013-05-28,4.8,24.4,14.6,0.0,63.0,26.0
2013-05-29,4.5,14.0,9.25,0.0,81.0,62.0
2013-05-30,3.7,5.8,4.75,4.6,95.0,95.0
2013-05-31,13.3,23.8,18.55,0.2,69.0,41.0
2013-06-01,11.1,16.3,13.7,0.0,100.0,81.0
2013-06-02,10.5,17.9,14.2,17.2,78.5,62.5
2013-06-03,9.9,19.5,14.7,34.4,57.0,44.0
2013-06-04,15.6,19.1,17.35,13.4,67.0,93.0
2013-06-05,9.5,19.5,14.5,0.8,88.0,45.0
2013-06-06,9.0,18.2,13.6,1.0,91.5,54.5
2013-06-07,8.5,16.9,12.7,1.2,95.0,64.0
2013-06-08,7.2,18.1,12.65,0.0,77.0,50.0
2013-06-09,22.3,31.8,27.05,0.0,58.0,36.0
2013-06-10,15.1,18.7,16.9,3.0,95.0,97.0
2013-06-11,20.9,26.8,23.85,3.8,88.0,67.0
2013-06-12,1.4,4.4,2.9000000000000004,0.0,95.0,96.0
2013-06-13,8.8,10.9,9.850000000000001,2.0,79.0,80.0
2013-06-14,7.6,18.1,12.850000000000001,0.0,63.0,58.0
2013-06-15,7.1,13.0,10.05,1.2,86.0,63.0
2013-06-16,0.6,18.7,9.65,1.0,92.0,51.0
2013-06-17,5.9,17.1,11.5,0.8,66.0,54.0
2013-06-18,5.5,18.9,12.2,0.0,58.0,41.0
2013-06-19,6.2,14.7,10.45,0.0,86.0,46.0
2013-06-20,3.6,16.5,10.05,0.0,84.0,50.0
2013-06-21,-0.5,13.2,6.35,0.2,97.0,60.0
2013-06-22,-0.2,12.1,5.95,0.0,100.0,64.0
2013-06-23,7.9,14.3,11.100000000000001,9.8,94.0,92.0
2013-06-24,1.7,17.5,9.6,0.0,76.0,27.0
2013-06-25,4.6,15.4,10.0,0.0,95.0,47.0
2013-06-26,11.6,20.2,15.899999999999999,0.0,40.0,21.0
2013-06-27,4.4,15.9,10.15,0.0,89.0,86.0
2013-06-28,15.2,17.8,16.5,0.8,65.0,65.0
2013-06-29,7.2,15.1,11.15,0.0,89.0,71.0
2013-06-30,1.9,15.4,8.65,0.0,95.0,61.0
2013-07-01,6.2,18.3,12.25,0.0,91.0,46.0
2013-07-02,7.4,17.9,12.649999999999999,0.0,86.0,45.0
2013-07-03,3.6,14.3,8.950000000000001,0.0,87.0,86.0
2013-07-04,9.0,11.1,10.05,0.8,79.0,88.0
2013-07-05,5.8,18.4,12.1,0.0,50.0,30.0
2013-07-06,20.0,32.6,26.3,0.0,72.0,32.0
2013-07-07,2.4,16.8,9.6,0.0,76.0,40.0
2013-07-08,6.5,18.6,12.55,0.0,61.0,45.0
2013-07-09,0.9,12.1,6.5,0.0,90.0,59.0
2013-07-10,14.0,17.9,15.95,0.8,93.0,77.0
2013-07-11,8.2,15.6,11.899999999999999,0.0,72.0,79.0
2013-07-12,7.4,13.5,10.45,1.6,92.0,93.0
2013-07-13,5.8,17.2,11.5,0.2,99.0,69.0
2013-07-14,9.4,21.0,15.2,1.2,80.0,59.0
2013-07-15,10.7,22.0,16.35,0.2,78.0,58.0
2013-07-16,11.5,19.4,15.45,15.0,98.0,72.0
2013-07-17,10.7,27.7,19.2,0.0,42.0,23.0
2013-07-18,9.6,22.1,15.850000000000001,0.0,68.0,53.0
2013-07-19,6.7,14.2,10.45,8.4,95.0,77.0
2013-07-20,0.8,16.3,8.55,0.0,71.0,53.0
2013-07-21,3.7,10.0,6.85,2.2,89.0,83.0
2013-07-22,5.7,15.8,10.75,0.0,73.0,51.0
2013-07-23,-4.3,3.3,-0.5,1.4,97.0,97.0
2013-07-24,11.7,15.8,13.75,0.0,54.0,51.0
2013-07-25,2.5,18.8,10.65,0.2,72.0,38.0
2013-07-26,5.9,16.2,11.05,0.2,73.0,57.0
2013-07-27,5.9,27.0,16.45,0.0,33.0,12.0
2013-07-28,9.5,18.8,14.15,0.0,49.0,42.0
2013-07-29,4.3,23.1,13.700000000000001,0.2,99.0,43.0
2013-07-30,6.1,21.3,13.7,0.0,58.0,29.0
2013-07-31,6.1,12.6,9.35,0.0,77.0,52.0
2013-08-01,7.9,17.6,12.75,0.0,59.0,54.0
2013-08-02,5.2,16.7,10.95,0.0,66.0,33.0
2013-08-03,18.0,27.4,22.7,0.2,72.0,43.0
2013-08-04,8.3,13.5,10.9,18.0,88.0,90.0
2013-08-05,12.0,26.3,19.15,0.0,73.0,39.0
2013-08-06,12.9,18.0,15.45,16.2,99.0,98.0
2013-08-07,4.3,24.7,14.5,0.0,54.0,17.0
2013-08-08,4.7,14.7,9.7,0.2,77.0,40.0
2013-08-09,3.2,18.9,11.049999999999999,0.0,62.0,24.0
2013-08-10,3.5,22.3,12.9,0.0,62.0,36.0
2013-08-11,17.0,28.0,22.5,0.0,57.0,41.0
2013-08-12,6.2,25.8,16.0,0.0,97.0,53.0
2013-08-13,6.5,19.7,13.1,0.0,62.0,36.0
2013-08-14,8.1,14.0,11.05,0.0,82.0,67.0
2013-08-15,15.2,36.1,25.65,0.0,67.0,20.0
2013-08-16,8.2,16.9,12.549999999999999,0.0,62.0,40.0
2013-08-17,12.8,18.4,15.6,0.4,61.0,50.0
2013-08-18,2.5,17.6,10.05,0.0,71.0,41.0
2013-08-19,20.8,34.3,27.549999999999997,0.0,65.0,50.0
2013-08-20,0.2,10.2,5.199999999999999,0.2,59.0,53.0
2013-08-21,5.6,21.0,13.3,0.0,28.0,28.0
2013-08-22,2.5,12.1,7.3,0.0,75.0,54.0
2013-08-23,8.0,18.9,13.45,0.0,48.0,45.0
2013-08-24,9.3,15.4,12.350000000000001,0.6,93.0,75.0
2013-08-25,9.7,16.7,13.2,0.0,56.0,47.0
2013-08-26,10.3,22.0,16.15,0.0,54.0,30.0
2013-08-27,0.6,9.8,5.2,0.0,66.0,56.0
2013-08-28,6.5,17.1,11.8,0.0,84.0,71.0
2013-08-29,13.4,25.9,19.65,0.0,61.0,52.0
2013-08-30,11.7,17.6,14.65,6.2,95.0,82.0
2013-08-31,5.2,20.5,12.85,0.0,89.0,46.0
2013-09-01,14.3,22.4,18.35,0.2,78.0,62.0
2013-09-02,6.9,23.4,15.149999999999999,0.0,93.0,45.0
2013-09-03,14.0,21.0,17.5,0.0,77.0,70.0
2013-09-04,8.9,18.2,13.55,8.2,48.0,31.0
2013-09-05,6.5,20.5,13.5,0.0,54.0,42.0
2013-09-06,9.0,17.7,13.35,0.0,83.0,60.0
2013-09-07,8.6,30.5,19.55,0.0,15.0,9.0
2013-09-08,2.6,19.3,10.950000000000001,0.0,76.0,41.0
2013-09-09,6.2,24.9,15.549999999999999,0.0,76.0,24.0
2013-09-10,9.0,21.8,15.4,0.0,70.0,88.0
2013-09-11,11.2,16.3,13.75,26.8,76.0,78.0
2013-09-12,23.6,32.5,28.05,0.0,65.0,52.0
2013-09-13,13.6,32.1,22.85,0.0,24.0,14.0
2013-09-14,2.3,12.9,7.6,0.0,65.0,46.0
2013-09-15,6.7,18.2,12.45,1.8,82.0,43.0
2013-09-16,9.2,13.3,11.25,0.0,73.0,95.0
2013-09-17,11.0,18.2,14.6,23.8,92.0,67.0
2013-09-18,9.6,26.8,18.2,0.0,27.0,15.0
2013-09-19,9.9,20.0,14.95,5.6,80.0,76.0
2013-09-20,10.3,18.4,14.35,1.8,74.0,63.0
2013-09-21,9.7,25.4,17.549999999999997,1.2,48.0,37.0
2013-09-22,11.2,21.2,16.2,0.5999999999999999,66.0,47.0
2013-09-23,23.2,37.3,30.25,0.0,10.0,7.0
2013-09-24,10.0,30.4,20.2,0.0,38.0,17.0
2013-09-25,11.1,18.0,14.55,1.2,59.0,43.0
2013-09-26,11.1,14.5,12.8,11.4,67.0,73.0
2013-09-27,4.2,22.6,13.4,0.0,44.0,44.0
2013-09-28,12.3,31.9,22.1,0.6,10.0,17.0
2013-09-29,1.0,20.9,10.95,0.0,50.0,35.0
2013-09-30,8.0,16.1,12.05,10.2,63.0,47.0
2013-10-01,8.7,22.0,15.35,0.0,27.0,65.0
2013-10-02,15.5,24.5,20.0,0.0,64.0,65.0
2013-10-03,9.8,20.2,15.0,0.0,69.0,81.0
2013-10-04,15.1,22.5,18.8,0.0,63.0,62.0
2013-10-05,10.9,20.5,15.7,0.0,49.0,74.0
2013-10-06,9.8,22.7,16.25,0.0,84.0,47.0
2013-10-07,8.4,21.2,14.8,0.0,67.0,45.0
2013-10-08,7.9,20.5,14.2,0.4,85.0,54.0
2013-10-09,4.6,28.9,16.75,0.2,63.0,27.0
2013-10-10,10.8,18.6,14.700000000000001,0.6,95.0,41.0
2013-10-11,5.0,16.5,10.75,0.2,87.0,55.0
2013-10-12,8.2,15.7,11.95,7.8,68.0,63.0
2013-10-13,20.6,31.2,25.9,0.0,57.0,33.0
2013-10-14,3.3,12.1,7.699999999999999,5.6,98.0,78.0
2013-10-15,9.7,24.8,17.25,0.0,38.0,32.0
2013-10-16,7.2,32.3,19.75,0.0,40.0,9.0
2013-10-17,22.6,29.2,25.9,7.6,71.0,65.0
2013-10-18,12.5,30.3,21.4,0.0,16.0,6.0
2013-10-19,13.3,21.6,17.450000000000003,0.0,53.0,52.0
2013-10-20,25.2,34.0,29.6,0.0,71.0,48.0
2013-10-21,19.3,27.3,23.3,0.0,60.0,60.0
2013-10-22,10.5,13.0,11.75,9.4,99.0,99.0
2013-10-23,12.9,16.1,14.5,16.0,93.0,92.0
2013-10-24,5.0,13.4,9.2,6.8,72.0,75.0
2013-10-25,-4.0,9.9,2.95,0.0,73.0,43.0
2013-10-26,14.5,18.8,16.65,0.6,94.0,77.0
2013-10-27,25.2,33.4,29.299999999999997,5.6,68.0,64.0
2013-10-28,12.1,29.0,20.55,0.0,69.0,42.0
2013-10-29,6.8,14.2,10.5,7.2,79.0,67.0
2013-10-30,10.9,29.7,20.3,0.2,77.0,70.0
2013-10-31,4.2,26.7,15.45,0.0,56.0,12.0
2013-11-01,16.2,25.9,21.049999999999997,0.0,49.0,46.0
2013-11-02,7.2,22.6,14.9,0.0,79.0,68.0
2013-11-03,15.2,35.6,25.4,0.0,26.0,12.0
2013-11-04,5.4,17.9,11.649999999999999,0.4,64.0,39.0
2013-11-05,5.4,25.2,15.3,0.0,70.0,30.0
2013-11-06,7.1,26.3,16.7,0.0,43.0,31.0
2013-11-07,14.2,27.5,20.85,0.0,53.0,30.0
2013-11-08,13.4,17.7,15.55,2.6,75.0,57.0
2013-11-09,25.1,33.9,29.5,0.0,64.0,55.0
2013-11-10,3.3,17.1,10.200000000000001,0.6,75.0,56.0
2013-11-11,8.4,13.9,11.15,0.8,60.0,60.0
2013-11-12,15.1,29.4,22.25,0.0,60.0,43.0
2013-11-13,8.2,16.8,12.5,6.4,55.0,68.0
2013-11-14,6.6,25.7,16.15,0.0,61.0,23.0
2013-11-15,9.2,19.0,14.1,0.0,80.0,66.0
2013-11-16,14.8,22.5,18.65,0.0,64.0,72.0
2013-11-17,8.1,19.6,13.850000000000001,0.0,81.0,56.0
2013-11-18,10.9,32.1,21.5,0.0,52.0,10.0
2013-11-19,12.6,33.0,22.8,0.0,15.0,14.0
2013-11-20,23.4,31.0,27.2,21.0,78.0,79.0
2013-11-21,9.8,12.3,11.05,3.0,94.0,99.0
2013-11-22,15.3,21.4,18.35,0.0,61.0,89.0
2013-11-23,3.6,20.3,11.950000000000001,0.0,69.0,41.0
2013-11-24,16.8,22.2,19.5,0.0,66.0,61.0
2013-11-25,11.5,26.7,19.1,0.0,50.0,30.0
2013-11-26,10.0,19.5,14.75,0.0,70.0,56.0
2013-11-27,16.7,34.5,25.6,0.0,23.0,6.0
2013-11-28,11.6,33.6,22.6,0.0,65.0,22.0
2013-11-29,17.7,23.0,20.35,0.0,69.0,65.0
2013-11-30,15.1,27.1,21.1,4.0,46.0,25.0
2013-12-01,8.6,27.9,18.25,0.0,64.0,32.0
2013-12-02,8.7,30.4,19.549999999999997,0.0,68.0,28.0
2013-12-03,12.5,26.9,19.7,0.0,69.0,43.0
2013-12-04,16.2,28.3,22.25,0.0,57.0,47.0
2013-12-05,17.2,31.05,24.125,0.2,42.0,38.5
2013-12-06,18.2,33.8,26.0,0.4,27.0,30.0
2013-12-07,9.9,17.5,13.7,0.2,47.0,63.0
2013-12-08,16.2,25.6,20.9,0.0,58.0,45.0
2013-12-09,12.7,20.4,16.549999999999997,0.0,83.0,54.0
2013-12-10,23.2,36.5,29.85,0.0,47.0,20.0
2013-12-11,12.8,20.4,16.6,0.8,58.0,75.0
2013-12-12,24.6,32.3,28.45,0.0,53.0,45.0
2013-12-13,6.0,29.1,17.55,0.0,47.0,25.0
2013-12-14,19.1,27.0,23.05,0.0,66.0,56.0
2013-12-15,18.0,39.7,28.85,0.0,21.0,10.0
2013-12-16,21.0,36.0,28.5,0.0,46.0,25.0
2013-12-17,22.4,31.3,26.85,7.0,57.0,50.0
2013-12-18,23.8,41.0,32.4,0.0,10.0,8.0
2013-12-19,14.0,40.4,27.2,0.0,45.0,13.0
2013-12-20,15.4,27.3,21.35,0.0,43.0,29.0
2013-12-21,13.4,28.2,20.8,0.0,41.0,22.0
2013-12-22,21.3,35.8,28.549999999999997,0.0,81.0,44.0
2013-12-23,22.4,36.0,29.2,0.0,61.0,34.0
2013-12-24,11.7,29.4,20.549999999999997,0.0,36.0,53.0
2013-12-25,17.7,30.8,24.25,0.1,50.0,53.0
2013-12-26,23.7,32.2,27.950000000000003,0.2,64.0,53.0
2013-12-27,16.4,22.4,19.4,0.0,75.0,50.0
2013-12-28,13.3,36.8,25.049999999999997,0.0,62.0,17.0
2013-12-29,20.7,32.8,26.75,0.0,18.0,7.0
2013-12-30,21.2,28.8,25.0,2.8,63.0,59.0
2013-12-31,17.5,23.3,20.4,0.0,76.0,71.0
2014-01-01,16.9,26.1,21.5,0.0,56.0,42.0
2014-01-02,17.6,26.9,22.25,0.0,41.0,17.0
2014-01-03,13.8,23.6,18.700000000000003,0.0,66.0,54.0
2014-01-04,14.8,22.8,18.8,0.6,57.0,36.0
2014-01-05,6.4,28.0,17.2,0.0,43.0,19.0
2014-01-06,4.85,22.1,13.475000000000001,0.0,55.0,32.5
2014-01-07,3.3,16.2,9.75,0.0,67.0,46.0
2014-01-08,12.2,19.6,15.9,0.8,72.0,63.0
2014-01-09,16.8,21.8,19.3,0.6,75.0,64.0
2014-01-10,18.2,26.1,22.15,1.2,81.0,63.0
2014-01-11,14.3,34.7,24.5,0.0,73.0,28.0
2014-01-12,19.7,32.7,26.200000000000003,0.0,72.0,46.0
2014-01-13,13.6,25.0,19.3,0.0,67.0,47.0
2014-01-14,15.0,26.7,20.85,0.0,50.0,44.0
2014-01-15,17.8,28.1,22.950000000000003,0.0,66.0,62.0
2014-01-16,21.8,30.8,26.3,0.0,61.0,51.0
2014-01-17,16.7,31.7,24.2,0.0,75.0,49.0
2014-01-18,11.6,32.7,22.150000000000002,0.0,52.0,40.0
2014-01-19,13.3,28.6,20.950000000000003,0.0,55.0,21.0
2014-01-20,12.9,31.2,22.05,0.0,56.0,36.0
2014-01-21,16.3,31.1,23.700000000000003,0.0,55.0,18.0
2014-01-22,24.6,38.9,31.75,0.0,41.0,25.0
2014-01-23,8.4,26.6,17.5,0.0,94.0,41.0
2014-01-24,18.9,29.3,24.1,0.4,98.0,60.0
2014-01-25,27.0,33.6,30.3,0.0,67.0,62.0
2014-01-26,18.9,23.7,21.299999999999997,0.0,64.0,50.0
2014-01-27,17.7,27.6,22.65,0.0,67.0,37.0
2014-01-28,21.2,41.8,31.5,0.0,26.0,19.0
2014-01-29,18.9,23.4,21.15,0.0,50.0,59.0
2014-01-30,24.4,43.1,33.75,0.0,38.0,10.0
2014-01-31,13.9,22.9,18.4,0.0,83.0,66.0
2014-02-01,14.3,38.8,26.549999999999997,0.6,56.0,17.0
2014-02-02,17.2,31.8,24.5,0.0,93.0,45.0
2014-02-03,24.7,39.5,32.1,0.0,20.0,17.0
2014-02-04,18.2,19.6,18.9,0.0,91.0,86.0
2014-02-05,10.2,31.8,21.0,0.0,61.0,27.0
2014-02-06,12.15,29.65,20.9,0.0,60.5,36.5
2014-02-07,14.1,27.5,20.8,0.0,60.0,46.0
2014-02-08,15.2,21.0,18.1,0.0,55.0,60.0
2014-02-09,23.0,40.3,31.65,0.0,22.0,5.0
2014-02-10,15.9,24.9,20.4,0.0,53.0,43.0
2014-02-11,18.6,27.1,22.85,0.0,75.0,59.0
2014-02-12,14.8,22.8,18.8,0.0,70.0,62.0
2014-02-13,20.8,30.9,25.85,0.0,67.0,51.0
2014-02-14,15.3,17.4,16.35,0.0,91.0,72.0
2014-02-15,20.8,28.9,24.85,49.0,96.0,82.0
2014-02-16,14.2,23.0,18.6,1.0,93.0,51.0
2014-02-17,7.4,22.0,14.7,1.0,75.0,46.0
2014-02-18,6.6,28.0,17.3,0.0,62.0,30.0
2014-02-19,17.0,26.1,21.55,0.0,58.0,26.0
2014-02-20,21.5,37.4,29.45,0.0,37.0,16.0
2014-02-21,8.4,26.8,17.6,0.0,59.0,33.0
2014-02-22,20.0,25.6,22.8,0.0,64.0,61.0
2014-02-23,6.9,24.1,15.5,0.0,85.0,35.0
2014-02-24,17.8,27.2,22.5,0.0,67.0,53.0
2014-02-25,15.5,30.9,23.2,0.0,85.0,34.0
2014-02-26,19.1,29.5,24.3,0.0,58.0,50.0
2014-02-27,12.8,21.5,17.15,0.2,81.0,67.0
2014-02-28,26.2,31.4,28.799999999999997,13.2,76.0,63.0
2014-03-01,12.1,22.2,17.15,0.0,88.0,72.0
2014-03-02,15.8,30.0,22.9,0.0,83.0,36.0
2014-03-03,19.1,24.5,21.8,4.8,94.0,80.0
2014-03-04,19.9,34.7,27.3,0.0,61.0,31.0
2014-03-05,25.8,33.4,29.6,0.0,84.0,67.0
2014-03-06,22.0,36.7,29.35,0.0,25.0,22.0
2014-03-07,11.6,22.7,17.15,0.0,79.0,62.0
2014-03-08,18.0,28.2,23.1,13.5,68.0,42.0
2014-03-09,13.8,25.8,19.8,27.0,89.0,54.0
2014-03-10,19.9,31.5,25.7,0.0,55.0,26.0
2014-03-11,15.7,22.3,19.0,0.0,53.0,82.0
2014-03-12,22.1,38.6,30.35,0.0,32.0,19.0
2014-03-13,19.5,28.2,23.85,0.0,79.0,58.0
2014-03-14,17.8,29.8,23.8,0.0,94.0,49.0
2014-03-15,13.3,29.9,21.6,0.0,31.0,23.0
2014-03-16,13.3,19.1,16.200000000000003,0.0,59.0,44.0
2014-03-17,20.1,31.0,25.55,0.0,68.0,59.0
2014-03-18,11.3,23.9,17.6,2.9,97.0,56.0
2014-03-19,17.8,23.9,20.85,0.0,86.0,80.0
2014-03-20,20.6,30.0,25.3,0.6,56.0,50.0
2014-03-21,8.5,15.2,11.85,9.0,100.0,93.0
2014-03-22,7.8,19.6,13.700000000000001,0.0,66.0,32.0
2014-03-23,21.3,34.6,27.950000000000003,0.0,51.0,26.0
2014-03-24,11.8,17.9,14.85,2.0,90.0,67.0
2014-03-25,13.7,26.1,19.9,15.2,100.0,62.0
2014-03-26,20.2,31.1,25.65,0.0,42.0,35.0
2014-03-27,15.9,24.9,20.4,0.0,84.0,52.0
2014-03-28,17.1,22.1,19.6,7.8,82.0,62.0
2014-03-29,25.4,30.2,27.799999999999997,0.2,75.0,78.0
2014-03-30,13.8,19.7,16.75,0.4,86.0,98.0
2014-03-31,16.2,32.5,24.35,0.0,43.0,31.0
2014-04-01,20.6,33.7,27.150000000000002,0.0,49.0,23.0
2014-04-02,10.3,25.6,17.950000000000003,0.0,48.0,23.0
2014-04-03,11.2,18.5,14.85,2.2,58.0,49.0
2014-04-04,16.0,28.7,22.35,0.0,79.0,45.0
2014-04-05,14.5,23.3,18.9,16.8,100.0,67.0
2014-04-06,8.9,22.6,15.75,0.0,70.0,26.0
2014-04-07,10.2,20.8,15.5,0.0,57.0,55.0
2014-04-08,10.8,30.8,20.8,0.0,59.0,24.0
2014-04-09,15.0,25.7,20.35,0.0,74.0,60.0
2014-04-10,12.9,30.1,21.5,0.0,56.0,32.0
2014-04-11,22.7,29.0,25.85,6.0,93.0,84.0
2014-04-12,18.1,23.2,20.65,3.0,61.0,63.0
2014-04-13,16.2,23.0,19.6,0.0,66.0,60.0
2014-04-14,23.9,30.3,27.1,13.0,81.0,69.0
2014-04-15,17.8,25.8,21.8,0.0,62.0,56.0
2014-04-16,5.8,20.8,13.3,0.0,74.0,47.0
2014-04-17,3.2,12.4,7.800000000000001,0.0,87.0,56.0
2014-04-18,11.8,24.0,17.9,0.0,50.0,46.0
2014-04-19,9.1,16.2,12.649999999999999,2.0,66.0,55.0
2014-04-20,10.7,24.1,17.4,0.0,75.0,53.0
2014-04-21,11.9,21.0,16.45,2.0,99.0,56.0
2014-04-22,13.4,16.3,14.850000000000001,0.8,85.0,99.0
2014-04-23,12.3,22.5,17.4,1.6,82.0,52.0
2014-04-24,9.3,12.8,11.05,1.6,56.0,45.0
2014-04-25,9.0,23.3,16.15,0.0,43.0,43.0
2014-04-26,9.9,20.2,15.05,0.0,75.0,51.0
2014-04-27,5.5,14.4,9.95,5.8,63.0,53.0
2014-04-28,15.2,20.2,17.7,16.4,90.0,76.0
2014-04-29,15.3,19.1,17.200000000000003,9.8,96.0,64.0
2014-04-30,10.5,18.1,14.3,15.0,89.0,58.0
2014-05-01,7.8,17.7,12.75,2.8,85.0,48.0
2014-05-02,8.4,17.8,13.100000000000001,0.0,69.0,58.0
2014-05-03,14.2,22.7,18.45,0.0,67.0,66.0
2014-05-04,12.1,19.8,15.95,0.2,48.0,38.0
2014-05-05,8.3,16.3,12.3,1.0,66.0,72.0
2014-05-06,8.3,12.3,10.3,0.2,52.0,59.0
2014-05-07,11.2,20.7,15.95,0.0,59.0,41.0
2014-05-08,12.5,19.7,16.1,47.2,55.0,84.0
2014-05-09,14.4,18.9,16.65,0.2,78.0,73.0
2014-05-10,12.9,19.8,16.35,1.2,96.0,61.0
2014-05-11,13.0,21.4,17.2,5.2,86.0,61.0
2014-05-12,8.7,21.8,15.25,0.0,71.0,36.0
2014-05-13,3.7,19.7,11.7,0.0,69.0,46.0
2014-05-14,14.6,22.0,18.3,0.0,87.0,64.0
2014-05-15,11.9,23.4,17.65,0.0,66.0,51.0
2014-05-16,14.2,23.3,18.75,0.0,55.0,42.0
2014-05-17,11.7,17.8,14.75,3.0,93.0,78.0
2014-05-18,7.1,24.3,15.7,0.0,99.0,44.0
2014-05-19,12.7,22.1,17.4,0.4,75.0,53.0
2014-05-20,8.7,25.1,16.9,0.0,66.0,36.0
2014-05-21,14.8,20.2,17.5,4.4,89.0,70.0
2014-05-22,15.6,24.9,20.25,4.8,95.0,50.0
2014-05-23,7.1,21.0,14.05,0.0,74.0,51.0
2014-05-24,16.1,34.8,25.45,0.0,57.0,25.0
2014-05-25,7.9,19.8,13.850000000000001,0.4,99.0,75.0
2014-05-26,15.8,23.3,19.55,5.6,98.0,55.0
2014-05-27,13.6,17.5,15.55,9.8,88.0,70.0
2014-05-28,9.5,18.7,14.1,2.2,87.0,38.0
2014-05-29,8.0,20.3,14.15,0.0,90.0,48.0
2014-05-30,7.2,20.2,13.7,0.0,73.0,36.0
2014-05-31,20.5,26.7,23.6,1.6,80.0,67.0
2014-06-01,11.7,14.9,13.3,33.2,94.0,90.0
2014-06-02,7.0,16.4,11.7,3.2,92.0,67.0
2014-06-03,15.7,19.5,17.6,0.0,52.0,56.0
2014-06-04,10.0,18.5,14.25,0.0,76.0,68.0
2014-06-05,7.75,16.55,12.15,0.0,88.0,73.5
2014-06-06,5.5,14.6,10.05,0.0,100.0,79.0
2014-06-07,5.8,17.3,11.55,0.0,93.0,63.0
2014-06-08,2.9,15.1,9.0,0.0,81.0,38.0
2014-06-09,0.2,18.1,9.15,0.0,73.0,54.0
2014-06-10,18.1,29.7,23.9,0.0,42.0,36.0
2014-06-11,3.1,17.8,10.450000000000001,0.0,84.0,51.0
2014-06-12,0.9,14.4,7.65,0.0,98.0,64.0
2014-06-13,8.1,20.1,14.100000000000001,0.0,86.0,77.0
2014-06-14,6.9,14.1,10.5,0.6,99.0,68.0
2014-06-15,2.7,12.7,7.699999999999999,0.0,85.0,58.0
2014-06-16,9.6,18.1,13.850000000000001,0.8,67.0,44.0
2014-06-17,4.7,12.8,8.75,2.2,93.0,71.0
2014-06-18,10.7,18.0,14.35,47.2,94.0,39.0
2014-06-19,13.2,20.8,17.0,0.0,64.0,62.0
2014-06-20,6.6,19.8,13.2,0.0,63.0,45.0
2014-06-21,9.5,15.2,12.35,21.4,97.0,91.0
2014-06-22,9.0,13.8,11.4,26.6,80.0,62.0
2014-06-23,6.2,16.1,11.15,0.0,49.0,72.0
2014-06-24,2.3,17.1,9.700000000000001,0.0,77.0,56.0
2014-06-25,13.4,21.8,17.6,0.0,46.0,36.0
2014-06-26,5.9,20.6,13.25,0.0,65.0,55.0
2014-06-27,5.7,20.9,13.299999999999999,0.0,79.0,38.0
2014-06-28,11.3,23.2,17.25,0.0,30.0,20.0
2014-06-29,-3.7,-1.7,-2.7,27.2,98.0,98.0
2014-06-30,8.5,16.3,12.4,0.6,56.0,30.0
2014-07-01,8.3,13.4,10.850000000000001,0.4,71.0,70.0
2014-07-02,14.5,16.1,15.3,16.0,85.0,64.0
2014-07-03,1.1,6.8,3.95,0.0,34.0,48.0
2014-07-04,3.6,13.9,8.75,0.2,100.0,67.0
2014-07-05,0.3,11.2,5.75,0.2,82.0,63.0
2014-07-06,9.6,15.5,12.55,18.6,95.0,55.0
2014-07-07,9.0,16.0,12.5,0.8,87.0,53.0
2014-07-08,8.0,14.1,11.05,10.0,64.0,63.0
2014-07-09,6.6,21.3,13.95,0.0,49.0,22.0
2014-07-10,10.0,20.0,15.0,0.0,28.0,25.0
2014-07-11,6.7,16.9,11.799999999999999,0.0,58.0,35.0
2014-07-12,-0.9,17.4,8.25,0.0,76.0,39.0
2014-07-13,8.7,15.4,12.05,0.0,46.0,59.0
2014-07-14,6.4,17.8,12.100000000000001,14.6,70.0,40.0
2014-07-15,7.5,14.1,10.8,0.0,100.0,78.0
2014-07-16,11.1,15.4,13.25,1.2,71.0,68.0
2014-07-17,7.5,12.2,9.85,1.8,96.0,49.0
2014-07-18,2.3,16.5,9.4,0.2,57.0,39.0
2014-07-19,9.1,14.8,11.95,0.0,55.0,69.0
2014-07-20,11.8,15.8,13.8,0.0,62.0,61.0
2014-07-21,5.4,13.4,9.4,0.0,99.0,50.0
2014-07-22,-1.3,13.8,6.25,0.2,89.0,54.0
2014-07-23,3.4,15.2,9.299999999999999,0.0,75.0,44.0
2014-07-24,5.2,16.5,10.85,0.2,93.0,66.0
2014-07-25,10.9,19.6,15.25,1.2,92.0,70.0
2014-07-26,17.0,26.5,21.75,0.0,66.0,64.0
2014-07-27,1.5,20.4,10.95,1.6,87.0,39.0
2014-07-28,9.2,16.0,12.6,0.0,92.0,68.0
2014-07-29,10.3,19.0,14.65,2.6,84.0,62.0
2014-07-30,8.7,22.8,15.75,0.0,34.0,27.0
2014-07-31,6.9,25.6,16.25,0.0,58.0,18.0
2014-08-01,14.0,26.9,20.45,0.0,75.0,55.0
2014-08-02,-0.2,11.4,5.6000000000000005,1.2,80.0,59.0
2014-08-03,21.1,32.6,26.85,0.0,43.0,29.0
2014-08-04,3.4,19.8,11.6,0.2,82.0,42.0
2014-08-05,-2.8,13.5,5.35,0.0,94.0,56.0
2014-08-06,8.5,22.7,15.6,0.0,40.0,17.0
2014-08-07,12.7,19.3,16.0,3.8,96.0,73.0
2014-08-08,1.6,22.2,11.9,0.0,36.0,19.0
2014-08-09,4.4,22.6,13.5,0.0,98.0,35.0
2014-08-10,4.3,12.0,8.15,5.4,69.0,44.0
2014-08-11,11.3,25.9,18.6,0.0,64.0,33.0
2014-08-12,0.1,12.3,6.2,0.0,79.0,59.0
2014-08-13,17.8,26.2,22.0,0.0,62.0,59.0
2014-08-14,10.8,21.6,16.200000000000003,0.0,62.0,44.0
2014-08-15,10.0,16.9,13.45,0.0,78.0,73.0
2014-08-16,18.4,25.8,22.1,0.0,76.0,77.0
2014-08-17,-0.1,1.7,0.7999999999999999,6.2,98.0,97.0
2014-08-18,11.0,15.7,13.35,21.8,94.0,90.0
2014-08-19,11.5,17.5,14.5,18.4,75.0,75.0
2014-08-20,8.6,16.9,12.75,1.2,65.0,55.0
2014-08-21,8.5,17.8,13.15,1.2,88.0,65.0
2014-08-22,7.966666666666667,16.566666666666666,12.266666666666666,2.8666666666666663,90.66666666666669,69.33333333333333
2014-08-23,7.433333333333334,15.333333333333334,11.383333333333333,4.533333333333333,93.33333333333331,73.66666666666667
2014-08-24,6.9,14.1,10.5,6.2,96.0,78.0
2014-08-25,2.9,17.2,10.049999999999999,3.6,91.0,71.0
2014-08-26,4.5,16.9,10.7,0.2,83.0,56.0
2014-08-27,4.9,19.6,12.25,0.0,100.0,49.0
2014-08-28,11.7,16.8,14.25,3.4,85.0,77.0
2014-08-29,6.2,18.3,12.25,0.6,70.0,55.0
2014-08-30,4.4,28.0,16.2,0.0,31.0,12.0
2014-08-31,13.4,23.4,18.4,0.0,50.0,64.0
2014-09-01,1.1,9.1,5.1,0.0,97.0,62.0
2014-09-02,14.1,18.4,16.25,0.2,59.0,66.0
2014-09-03,12.4,22.9,17.65,0.0,33.0,21.0
2014-09-04,10.9,15.8,13.350000000000001,0.0,59.0,70.0
2014-09-05,9.9,18.4,14.149999999999999,0.0,58.0,72.0
2014-09-06,13.0,22.7,17.85,0.0,82.0,65.0
2014-09-07,11.7,17.5,14.6,0.0,77.0,61.0
2014-09-08,17.0,27.1,22.05,0.0,60.0,60.0
2014-09-09,6.0,25.5,15.75,0.0,77.0,39.0
2014-09-10,14.2,24.4,19.299999999999997,6.0,91.0,29.0
2014-09-11,6.8,19.3,13.05,0.0,81.0,73.0
2014-09-12,3.8,19.0,11.4,0.0,57.0,26.0
2014-09-13,13.6,18.7,16.15,0.0,73.0,68.0
2014-09-14,7.1,18.1,12.600000000000001,0.4,85.0,69.0
2014-09-15,9.3,15.7,12.5,2.4,100.0,96.0
2014-09-16,11.1,14.9,13.0,0.0,67.0,86.0
2014-09-17,12.0,26.2,19.1,0.0,53.0,35.0
2014-09-18,11.2,24.0,17.6,0.0,66.0,49.0
2014-09-19,5.2,15.5,10.35,2.0,74.0,59.0
2014-09-20,9.1,20.3,14.7,0.0,50.0,41.0
2014-09-21,3.5,23.2,13.35,0.0,52.0,20.0
2014-09-22,13.4,23.4,18.4,0.6,67.0,53.0
2014-09-23,15.5,23.9,19.7,3.0,53.0,41.0
2014-09-24,11.7,22.2,16.95,0.0,66.0,66.0
2014-09-25,23.9,37.5,30.7,0.0,48.0,23.0
2014-09-26,10.7,22.1,16.4,6.6,61.0,45.0
2014-09-27,7.6,27.7,17.65,0.0,49.0,21.0
2014-09-28,11.3,25.2,18.25,0.0,52.0,44.0
2014-09-29,13.9,36.3,25.099999999999998,0.0,25.0,10.0
2014-09-30,2.7,24.0,13.35,0.0,48.0,37.0
2014-10-01,-4.4,7.7,1.65,0.2,60.0,45.0
2014-10-02,15.4,27.4,21.4,1.0,64.0,53.0
2014-10-03,7.6,18.2,12.899999999999999,0.0,82.0,51.0
2014-10-04,3.4,26.8,15.1,0.0,55.0,28.0
2014-10-05,9.4,17.2,13.3,0.0,87.0,57.0
2014-10-06,9.9,19.8,14.850000000000001,0.0,40.0,35.0
2014-10-07,10.0,15.1,12.55,3.2,72.0,84.0
2014-10-08,15.1,33.2,24.150000000000002,0.0,21.0,11.0
2014-10-09,3.7,23.1,13.4,0.0,74.0,36.0
2014-10-10,13.6,24.9,19.25,0.0,44.0,40.0
2014-10-11,7.3,21.3,14.3,0.0,60.0,53.0
2014-10-12,22.2,28.5,25.35,0.8,71.0,50.0
2014-10-13,15.8,23.7,19.75,0.0,84.0,81.0
2014-10-14,15.6,27.9,21.75,0.0,22.0,8.0
2014-10-15,7.8,26.2,17.0,0.0,18.0,5.0
2014-10-16,9.6,14.2,11.899999999999999,3.8,77.0,68.0
2014-10-17,13.6,16.5,15.05,2.2,99.0,75.0
2014-10-18,19.3,32.1,25.700000000000003,0.0,47.0,31.0
2014-10-19,12.6,15.5,14.05,0.0,97.0,85.0
2014-10-20,19.9,29.9,24.9,0.0,40.0,45.0
2014-10-21,12.7,22.9,17.799999999999997,5.2,83.0,53.0
2014-10-22,10.8,29.0,19.9,0.0,76.0,43.0
2014-10-23,13.5,22.7,18.1,2.2,62.0,54.0
2014-10-24,16.6,30.5,23.55,16.2,73.0,45.0
2014-10-25,20.8,38.3,29.549999999999997,8.1,40.0,10.0
2014-10-26,19.0,27.3,23.15,0.0,64.0,71.0
2014-10-27,18.3,30.9,24.6,0.0,84.0,35.0
2014-10-28,23.5,40.5,32.0,0.0,62.0,12.0
2014-10-29,7.6,24.4,16.0,0.0,59.0,32.0
2014-10-30,7.3,20.8,14.05,0.0,84.0,48.0
2014-10-31,13.0,33.0,23.0,0.0,51.0,44.0
2014-11-01,13.4,17.5,15.45,2.2,84.0,60.0
2014-11-02,6.6,16.3,11.45,1.8,73.0,48.0
2014-11-03,5.8,24.4,15.1,0.0,65.0,20.0
2014-11-04,10.9,22.9,16.9,0.0,60.0,64.0
2014-11-05,10.4,24.9,17.65,0.0,52.0,23.0
2014-11-06,14.0,36.1,25.05,0.0,59.0,10.0
2014-11-07,13.3,18.7,16.0,10.4,61.0,47.0
2014-11-08,19.3,35.2,27.25,5.2,21.0,8.0
2014-11-09,13.8,29.8,21.8,0.0,70.0,37.0
2014-11-10,9.9,26.6,18.25,0.0,56.0,30.0
2014-11-11,9.5,26.1,17.8,0.0,53.0,19.0
2014-11-12,19.3,35.8,27.549999999999997,0.0,54.0,21.0
2014-11-13,12.4,34.1,23.25,0.0,19.0,10.0
2014-11-14,8.3,23.7,16.0,0.0,39.0,21.0
2014-11-15,21.1,32.5,26.8,0.0,42.0,80.0
2014-11-16,11.0,18.4,14.7,34.2,92.0,61.0
2014-11-17,13.5,22.4,17.95,0.0,56.0,52.0
2014-11-18,10.3,26.8,18.55,0.0,53.0,21.0
2014-11-19,9.3,20.6,14.950000000000001,0.4,59.0,53.0
2014-11-20,7.4,31.4,19.4,0.0,55.0,19.0
2014-11-21,22.6,41.6,32.1,0.0,12.0,13.0
2014-11-22,13.5,29.5,21.5,0.2,38.0,31.0
2014-11-23,15.4,27.2,21.3,0.4,73.0,43.0
2014-11-24,10.1,16.1,13.100000000000001,0.0,80.0,80.0
2014-11-25,8.5,21.6,15.05,4.8,62.0,30.0
2014-11-26,17.3,26.5,21.9,0.4,66.0,53.0
2014-11-27,6.6,19.8,13.2,0.0,68.0,43.0
2014-11-28,17.8,27.4,22.6,43.4,71.0,59.0
2014-11-29,14.7,32.3,23.5,0.0,53.0,29.0
2014-11-30,19.4,34.5,26.95,0.4,45.0,27.0
2014-12-01,9.0,21.6,15.3,16.2,95.0,61.0
2014-12-02,18.9,28.4,23.65,3.2,90.0,79.0
2014-12-03,14.2,24.5,19.35,0.0,81.0,60.0
2014-12-04,16.9,32.9,24.9,0.0,64.0,11.0
2014-12-05,19.4,29.8,24.6,19.2,77.0,79.0
2014-12-06,10.0,14.5,12.25,0.4,64.0,60.0
2014-12-07,13.8,19.1,16.450000000000003,55.6,99.0,91.0
2014-12-08,11.6,22.9,17.25,0.0,95.0,56.0
2014-12-09,11.2,25.9,18.549999999999997,0.0,53.0,30.0
2014-12-10,14.2,21.2,17.7,0.0,79.0,78.0
2014-12-11,24.1,38.8,31.45,0.0,39.0,23.0
2014-12-12,16.0,23.1,19.55,0.0,65.0,68.0
2014-12-13,16.2,24.2,20.2,0.0,52.0,42.0
2014-12-14,17.6,42.6,30.1,0.0,11.0,6.0
2014-12-15,14.8,29.0,21.9,0.0,48.0,38.0
2014-12-16,10.3,21.3,15.8,3.2,94.0,31.0
2014-12-17,13.2,23.8,18.5,0.0,50.0,46.0
2014-12-18,23.9,30.9,27.4,0.0,77.0,79.0
2014-12-19,17.2,20.8,19.0,0.0,66.0,55.0
2014-12-20,8.8,23.9,16.35,0.0,97.0,50.0
2014-12-21,17.950000000000003,29.6,23.775000000000002,0.0,88.0,50.0
2014-12-22,27.1,35.3,31.2,0.0,79.0,50.0
2014-12-23,15.8,21.1,18.450000000000003,0.0,68.0,78.0
2014-12-24,20.5,37.3,28.9,2.2,66.0,27.0
2014-12-25,11.9,21.7,16.8,0.4,56.0,53.0
2014-12-26,19.8,26.1,22.950000000000003,0.0,22.0,37.0
2014-12-27,25.3,32.9,29.1,0.2,64.0,59.0
2014-12-28,18.0,22.3,20.15,0.0,80.0,83.0
2014-12-29,13.3,23.3,18.3,0.0,59.0,31.0
2014-12-30,22.1,35.5,28.8,1.0,70.0,51.0
2014-12-31,11.4,31.2,21.3,0.0,41.0,8.0
2015-01-01,19.8,38.4,29.1,0.0,35.0,10.0
2015-01-02,12.5,21.1,16.8,0.0,88.0,58.0
2015-01-03,14.2,37.3,25.75,0.0,43.0,21.0
2015-01-04,20.1,36.5,28.3,0.0,71.0,32.0
2015-01-05,13.7,20.6,17.15,0.0,72.0,60.0
2015-01-06,19.3,25.7,22.5,0.0,84.0,77.0
2015-01-07,20.6,27.1,23.85,0.0,64.0,59.0
2015-01-08,21.8,32.9,27.35,3.0,55.0,42.0
2015-01-09,12.9,18.7,15.8,4.2,67.0,56.0
2015-01-10,13.8,19.5,16.65,0.0,65.0,61.0
2015-01-11,9.6,12.5,11.05,25.2,98.0,98.0
2015-01-12,18.3,29.9,24.1,0.2,49.0,33.0
2015-01-13,23.3,31.7,27.5,14.2,68.0,70.0
2015-01-14,21.4,32.7,27.05,0.8,50.0,34.0
2015-01-15,19.7,36.5,28.1,0.0,29.0,14.0
2015-01-16,14.5,22.6,18.55,0.0,70.0,65.0
2015-01-17,13.2,25.9,19.549999999999997,0.2,70.0,29.0
2015-01-18,26.2,34.2,30.200000000000003,0.0,66.0,88.0
2015-01-19,17.8,19.4,18.6,4.0,81.0,74.0
2015-01-20,10.9,30.9,20.9,0.0,48.0,35.0
2015-01-21,24.1,35.5,29.8,5.0,64.0,69.0
2015-01-22,22.3,29.3,25.8,0.0,62.0,53.0
2015-01-23,23.3,35.6,29.450000000000003,0.0,43.0,27.0
2015-01-24,12.4,33.6,23.0,0.0,42.0,24.0
2015-01-25,22.1,36.7,29.400000000000002,0.0,67.0,59.0
2015-01-26,20.3,20.4,20.35,0.0,73.0,90.0
2015-01-27,21.6,24.8,23.200000000000003,0.0,82.0,77.0
2015-01-28,14.4,22.5,18.45,0.0,68.0,59.0
2015-01-29,10.9,15.3,13.100000000000001,1.2,80.0,50.0
2015-01-30,13.4,28.4,20.9,0.0,54.0,20.0
2015-01-31,21.4,31.5,26.45,0.0,59.0,66.0
2015-02-01,12.7,20.0,16.35,7.2,100.0,78.0
2015-02-02,16.6,33.7,25.150000000000002,0.0,58.0,22.0
2015-02-03,13.2,31.3,22.25,0.0,62.0,26.0
2015-02-04,9.2,26.3,17.75,0.0,64.0,35.0
2015-02-05,15.4,32.6,24.0,0.0,56.0,14.0
2015-02-06,14.6,33.2,23.900000000000002,0.0,40.0,25.0
2015-02-07,18.8,35.5,27.15,0.0,48.0,34.0
2015-02-08,26.8,36.9,31.85,0.0,70.0,74.0
2015-02-09,11.3,21.6,16.450000000000003,0.0,74.0,66.0
2015-02-10,21.0,30.6,25.8,0.2,81.0,53.0
2015-02-11,19.2,31.4,25.299999999999997,0.0,77.0,49.0
2015-02-12,17.8,31.9,24.85,9.8,74.0,37.0
2015-02-13,22.2,28.0,25.1,0.0,69.0,64.0
2015-02-14,19.3,24.7,22.0,0.2,63.0,96.0
2015-02-15,20.4,38.4,29.4,0.0,27.0,13.0
2015-02-16,18.9,30.9,24.9,0.4,92.0,46.0
2015-02-17,18.3,27.9,23.1,0.0,67.0,53.0
2015-02-18,14.7,20.3,17.5,0.0,58.0,60.0
2015-02-19,13.8,29.4,21.6,0.0,86.0,30.0
2015-02-20,19.0,33.3,26.15,0.2,67.0,29.0
2015-02-21,23.3,37.8,30.549999999999997,0.0,41.0,13.0
2015-02-22,22.5,27.1,24.8,49.2,100.0,90.0
2015-02-23,18.4,35.9,27.15,0.0,65.0,33.0
2015-02-24,16.1,38.6,27.35,0.0,53.0,21.0
2015-02-25,14.4,22.0,18.2,0.0,59.0,51.0
2015-02-26,13.8,25.4,19.6,0.0,100.0,53.0
2015-02-27,18.1,28.8,23.450000000000003,1.0,79.0,54.0
2015-02-28,22.1,32.6,27.35,0.0,66.0,48.0
2015-03-01,16.200000000000003,29.35,22.775000000000002,0.0,69.0,38.0
2015-03-02,10.3,26.1,18.200000000000003,0.0,72.0,28.0
2015-03-03,15.1,31.1,23.1,0.0,71.0,40.0
2015-03-04,17.6,32.7,25.150000000000002,0.0,61.0,28.0
2015-03-05,17.2,27.6,22.4,0.0,64.0,27.0
2015-03-06,19.2,29.5,24.35,0.0,62.0,54.0
2015-03-07,13.2,21.8,17.5,0.0,72.0,55.0
2015-03-08,17.8,30.2,24.0,0.0,90.0,46.0
2015-03-09,14.1,23.9,19.0,2.5,91.0,35.0
2015-03-10,17.2,21.8,19.5,0.2,68.0,61.0
2015-03-11,14.2,32.4,23.299999999999997,0.0,60.0,20.0
2015-03-12,14.0,29.3,21.65,0.0,72.0,56.0
2015-03-13,22.4,34.2,28.3,22.2,77.0,64.0
2015-03-14,4.0,27.0,15.5,0.0,67.0,18.0
2015-03-15,14.0,25.4,19.7,0.2,84.0,51.0
2015-03-16,12.05,24.2,18.125,0.0999999999999999,84.5,53.0
2015-03-17,10.1,23.0,16.55,0.0,85.0,55.0
2015-03-18,20.9,41.4,31.15,0.0,27.0,11.0
2015-03-19,19.8,33.5,26.65,7.6,55.0,58.0
2015-03-20,5.9,18.5,12.2,0.0,98.0,42.0
2015-03-21,15.8,21.6,18.700000000000003,1.8,73.0,58.0
2015-03-22,23.3,33.2,28.25,0.0,62.0,58.0
2015-03-23,17.0,29.8,23.4,1.0,86.0,48.0
2015-03-24,1.8,22.8,12.3,0.0,57.0,29.0
2015-03-25,1.6,17.7,9.65,0.0,72.0,40.0
2015-03-26,17.6,25.3,21.450000000000003,0.2,57.0,27.0
2015-03-27,13.1,19.9,16.5,0.0,55.0,57.0
2015-03-28,17.5,24.8,21.15,0.0,48.0,56.0
2015-03-29,15.3,26.4,20.85,0.0,66.0,50.0
2015-03-30,9.0,26.3,17.65,0.0,76.0,30.0
2015-03-31,19.6,24.0,21.8,0.0,50.0,50.0
2015-04-01,12.2,28.7,20.45,0.0,59.0,24.0
2015-04-02,11.8,17.5,14.65,0.2,69.0,45.0
2015-04-03,5.8,13.5,9.65,0.0,98.0,96.0
2015-04-04,12.1,22.6,17.35,0.0,93.0,61.0
2015-04-05,21.7,28.5,25.1,1.8,85.0,52.0
2015-04-06,18.3,29.4,23.85,0.2,66.0,61.0
2015-04-07,9.0,16.9,12.95,0.0,79.0,93.0
2015-04-08,14.3,21.7,18.0,13.8,99.0,76.0
2015-04-09,7.0,19.0,13.0,0.0,78.0,49.0
2015-04-10,13.7,19.6,16.65,0.8,83.0,77.0
2015-04-11,16.9,23.5,20.2,0.6,66.0,63.0
2015-04-12,15.6,22.1,18.85,0.0,81.0,82.0
2015-04-13,22.5,30.1,26.3,0.0,69.0,81.0
2015-04-14,15.3,19.5,17.4,0.6,81.0,73.0
2015-04-15,15.8,26.1,20.950000000000003,0.0,65.0,76.0
2015-04-16,12.2,21.8,17.0,0.0,71.0,51.0
2015-04-17,19.7,25.2,22.45,0.0,79.0,80.0
2015-04-18,11.2,22.7,16.95,5.4,79.0,64.0
2015-04-19,10.9,17.2,14.05,8.0,81.0,60.0
2015-04-20,24.3,30.9,27.6,0.0,77.0,62.0
2015-04-21,6.8,14.7,10.75,0.0,85.0,90.0
2015-04-22,9.2,22.0,15.6,0.0,59.0,53.0
2015-04-23,14.9,20.5,17.7,19.4,97.0,86.0
2015-04-24,11.6,15.2,13.399999999999999,0.0,72.0,74.0
2015-04-25,12.0,26.0,19.0,0.0,57.0,40.0
2015-04-26,16.35,28.9,22.625,0.0,47.5,33.5
2015-04-27,20.7,31.8,26.25,0.0,38.0,27.0
2015-04-28,3.8,18.5,11.15,0.0,76.0,35.0
2015-04-29,5.6,17.1,11.350000000000001,0.2,84.0,46.0
2015-04-30,9.85,19.4,14.625,14.3,91.0,64.5
2015-05-01,14.1,21.7,17.9,28.4,98.0,83.0
2015-05-02,11.55,18.95,15.25,14.2,87.0,89.5
2015-05-03,9.0,16.2,12.6,0.0,76.0,96.0
2015-05-04,17.9,20.9,19.4,0.4,78.0,79.0
2015-05-05,12.8,27.0,19.9,0.0,76.0,33.0
2015-05-06,9.8,19.3,14.55,3.4,100.0,79.0
2015-05-07,6.8,23.1,14.950000000000001,0.0,69.0,33.0
2015-05-08,3.1,14.7,8.9,0.0,78.0,45.0
2015-05-09,10.2,18.0,14.1,0.0,71.0,46.0
2015-05-10,11.5,20.7,16.1,0.0,57.0,37.0
2015-05-11,3.3,25.2,14.25,0.0,48.0,24.0
2015-05-12,9.9,14.2,12.05,0.0,60.0,62.0
2015-05-13,11.3,16.3,13.8,0.0,44.0,73.0
2015-05-14,2.5,17.5,10.0,0.0,56.0,30.0
2015-05-15,2.3,17.8,10.05,0.0,100.0,53.0
2015-05-16,13.7,16.3,15.0,1.2,53.0,77.0
2015-05-17,12.3,19.4,15.85,0.8,78.0,82.0
2015-05-18,2.3,19.2,10.75,0.0,99.0,47.0
2015-05-19,9.0,17.9,13.45,0.6,82.0,71.0
2015-05-20,10.3,17.6,13.950000000000001,12.8,89.0,69.0
2015-05-21,14.3,21.6,17.950000000000003,6.4,75.0,57.0
2015-05-22,6.1,19.4,12.75,0.0,72.0,51.0
2015-05-23,4.4,14.2,9.3,0.0,68.0,48.0
2015-05-24,-0.8,13.6,6.3999999999999995,0.0,99.0,64.0
2015-05-25,9.2,19.7,14.45,0.0,59.0,48.0
2015-05-26,-4.5,15.2,5.35,0.2,91.0,51.0
2015-05-27,6.7,13.9,10.3,0.6,88.0,84.0
2015-05-28,0.1,14.8,7.45,0.0,99.0,74.0
2015-05-29,2.3,6.0,4.15,11.8,97.0,87.0
2015-05-30,13.6,14.5,14.05,0.0,82.0,97.0
2015-05-31,7.0,11.1,9.05,1.0,99.0,96.0
2015-06-01,6.4,20.9,13.649999999999999,0.0,63.0,31.0
2015-06-02,9.3,21.9,15.6,0.0,53.0,39.0
2015-06-03,19.7,26.1,22.9,0.0,63.0,56.0
2015-06-04,-1.2,9.9,4.3500000000000005,0.2,99.0,76.0
2015-06-05,14.3,19.8,17.05,2.0,64.0,59.0
2015-06-06,9.0,23.7,16.35,0.0,59.0,45.0
2015-06-07,6.9,19.4,13.149999999999999,0.0,78.0,37.0
2015-06-08,10.8,22.2,16.5,0.2,65.0,54.0
2015-06-09,5.5,23.0,14.25,0.0,72.0,33.0
2015-06-10,12.4,24.3,18.35,0.0,61.0,40.0
2015-06-11,10.0,16.9,13.45,1.4,86.0,62.0
2015-06-12,3.6,18.2,10.9,0.0,96.0,55.0
2015-06-13,13.1,17.7,15.399999999999999,5.0,87.0,84.0
2015-06-14,23.7,32.1,27.9,0.0,72.0,51.0
2015-06-15,4.9,16.5,10.7,0.0,77.0,61.0
2015-06-16,15.1,18.0,16.55,0.0,76.0,82.0
2015-06-17,10.5,14.0,12.25,0.0,92.0,83.0
2015-06-18,3.9,18.8,11.35,0.0,75.0,36.0
2015-06-19,3.4,12.4,7.9,0.0,100.0,67.0
2015-06-20,1.8,13.1,7.45,1.0,90.0,69.0
2015-06-21,16.7,19.5,18.1,4.2,65.0,62.0
2015-06-22,10.1,18.0,14.05,1.8,83.0,62.0
2015-06-23,6.7,13.7,10.2,2.2,96.0,71.0
2015-06-24,6.5,16.9,11.7,0.0,75.0,66.0
2015-06-25,4.9,20.3,12.600000000000001,0.0,67.0,42.0
2015-06-26,6.3,14.6,10.45,0.0,74.0,54.0
2015-06-27,19.3,31.0,25.15,0.0,38.0,23.0
2015-06-28,14.3,25.25,19.775,0.0,61.0,38.5
2015-06-29,9.3,19.5,14.4,0.0,84.0,54.0
2015-06-30,6.1,16.3,11.2,0.0,78.0,55.0
2015-07-01,-2.2,9.9,3.85,0.0,99.0,55.0
2015-07-02,8.8,16.4,12.6,0.0,86.0,51.0
2015-07-03,4.4,15.65,10.025,0.0,92.0,45.5
2015-07-04,0.0,14.9,7.45,0.0,98.0,40.0
2015-07-05,5.6,10.2,7.8999999999999995,1.2,96.0,93.0
2015-07-06,9.2,17.7,13.45,1.2999999999999998,74.0,81.0
2015-07-07,6.7,13.8,10.25,1.4,80.0,60.0
2015-07-08,9.1,11.2,10.149999999999999,8.0,94.0,89.0
2015-07-09,6.4,15.1,10.75,0.2,89.0,63.0
2015-07-10,9.7,20.2,14.95,0.2,74.0,73.0
2015-07-11,16.8,26.7,21.75,0.0,72.0,72.0
2015-07-12,0.8,12.2,6.5,6.8,87.0,83.0
2015-07-13,8.2,17.3,12.75,0.8,89.0,51.0
2015-07-14,3.9,16.2,10.049999999999999,0.0,99.0,57.0
2015-07-15,9.9,17.5,13.7,0.0,76.0,49.0
2015-07-16,0.7,15.5,8.1,0.0,54.0,28.0
2015-07-17,-4.4,-0.9,-2.6500000000000004,2.8,98.0,97.0
2015-07-18,7.7,26.7,17.2,0.0,27.0,16.0
2015-07-19,13.3,20.7,17.0,1.2,40.0,43.0
2015-07-20,13.0,19.0,16.0,2.0,52.5,51.0
2015-07-21,12.7,17.3,15.0,2.8,65.0,59.0
2015-07-22,4.8,14.2,9.5,0.0,51.0,44.0
2015-07-23,11.2,19.1,15.15,1.8,96.0,70.0
2015-07-24,9.3,19.2,14.25,0.2,99.0,79.0
2015-07-25,16.5,24.3,20.4,0.0,76.0,52.0
2015-07-26,6.5,11.5,9.0,0.0,75.0,66.0
2015-07-27,-0.8,11.3,5.25,0.0,87.0,61.0
2015-07-28,12.8,20.1,16.450000000000003,0.0,47.0,49.0
2015-07-29,1.9,15.5,8.7,0.0,75.0,42.0
2015-07-30,-3.5,1.6,-0.95,0.0,98.0,94.0
2015-07-31,10.1,20.7,15.399999999999999,0.0,61.0,36.0
2015-08-01,7.4,23.3,15.350000000000001,0.0,53.0,20.0
2015-08-02,8.6,12.2,10.399999999999999,29.2,82.0,72.0
2015-08-03,3.2,14.8,9.0,0.0,75.0,47.0
2015-08-04,0.4,14.1,7.25,0.0,78.0,45.0
2015-08-05,0.4,10.7,5.55,0.8,69.0,50.0
2015-08-06,5.4,13.0,9.2,3.0,92.0,86.0
2015-08-07,7.9,16.3,12.100000000000001,0.0,52.0,54.0
2015-08-08,7.9,17.5,12.7,0.0,63.0,44.0
2015-08-09,2.9,17.5,10.2,0.0,60.0,39.0
2015-08-10,13.0,26.4,19.7,0.0,65.0,55.0
2015-08-11,9.4,18.1,13.75,3.4,83.0,61.0
2015-08-12,0.7,17.4,9.049999999999999,0.0,75.0,35.0
2015-08-13,5.8,14.0,9.9,0.0,57.0,48.0
2015-08-14,6.4,17.0,11.7,0.0,94.0,55.0
2015-08-15,2.0,15.8,8.9,0.0,88.0,51.0
2015-08-16,6.9,21.7,14.3,0.0,68.0,25.0
2015-08-17,12.3,17.5,14.9,2.0,99.0,99.0
2015-08-18,1.5,10.5,6.0,0.6,94.0,71.0
2015-08-19,-0.1,14.6,7.25,0.0,75.0,45.0
2015-08-20,7.9,19.85,13.875,0.0,66.5,31.5
2015-08-21,15.9,25.1,20.5,0.0,58.0,18.0
2015-08-22,10.8,19.4,15.1,0.0,79.0,60.0
2015-08-23,6.1,14.2,10.149999999999999,0.2,98.0,79.0
2015-08-24,4.8,22.2,13.5,0.0,59.0,24.0
2015-08-25,6.2,16.7,11.45,0.0,66.0,40.0
2015-08-26,-1.1,14.7,6.8,0.0,87.0,55.0
2015-08-27,11.6,25.5,18.55,0.0,43.0,29.0
2015-08-28,11.7,21.6,16.65,0.0,82.0,71.0
2015-08-29,4.3,19.0,11.65,0.0,81.0,41.0
2015-08-30,9.9,15.9,12.9,8.2,78.0,52.0
2015-08-31,2.0,18.1,10.05,0.0,76.0,39.0
2015-09-01,-2.6,15.7,6.55,0.2,68.0,46.0
2015-09-02,7.7,20.0,13.85,0.0,47.0,39.0
2015-09-03,0.2,2.7,1.4500000000000002,10.6,98.0,98.0
2015-09-04,3.4,17.5,10.45,1.2,82.0,57.0
2015-09-05,7.0,21.7,14.35,0.0,61.0,27.0
2015-09-06,6.4,30.5,18.45,0.0,22.0,10.0
2015-09-07,8.2,13.6,10.899999999999999,1.6,76.0,53.0
2015-09-08,7.7,14.8,11.25,0.4,92.0,50.0
2015-09-09,9.0,14.3,11.65,0.7,97.0,73.0
2015-09-10,2.6,17.8,10.200000000000001,0.0,71.0,50.0
2015-09-11,2.7,19.1,10.9,0.0,91.0,49.0
2015-09-12,14.7,18.8,16.75,0.0,62.0,79.0
2015-09-13,14.0,24.5,19.25,0.0,73.0,63.0
2015-09-14,8.6,24.5,16.55,0.0,63.0,42.0
2015-09-15,9.3,17.6,13.450000000000001,0.2,59.0,44.0
2015-09-16,3.1,16.2,9.65,0.2,71.0,76.0
2015-09-17,10.9,26.5,18.7,0.0,33.0,19.0
2015-09-18,9.0,22.1,15.55,0.0,47.0,20.0
2015-09-19,5.0,19.2,12.1,1.8666666666666667,73.0,37.0
2015-09-20,7.05,16.4,11.725,3.733333333333333,78.5,54.0
2015-09-21,9.1,13.6,11.35,5.6,84.0,71.0
2015-09-22,8.2,16.0,12.1,1.2,45.0,38.0
2015-09-23,2.6,12.5,7.55,0.0,54.0,40.0
2015-09-24,4.1,15.3,9.7,0.0,86.0,56.0
2015-09-25,21.1,33.0,27.05,1.8,78.0,36.0
2015-09-26,2.1,17.7,9.9,0.2,64.0,51.0
2015-09-27,10.2,20.8,15.5,0.0,49.0,37.0
2015-09-28,11.15,22.6,16.875,0.0,52.0,54.0
2015-09-29,12.1,24.4,18.25,0.0,55.0,71.0
2015-09-30,8.0,25.7,16.85,0.0,77.0,55.0
2015-10-01,10.05,26.1,18.075000000000003,0.0,68.0,50.0
2015-10-02,12.1,26.5,19.3,0.0,59.0,45.0
2015-10-03,22.6,33.5,28.05,0.0,48.0,34.0
2015-10-04,11.4,24.9,18.15,0.0,57.0,64.0
2015-10-05,9.8,32.8,21.299999999999997,0.0,75.0,19.0
2015-10-06,16.9,28.4,22.65,0.0,58.0,72.0
2015-10-07,18.4,34.1,26.25,0.0,39.0,17.0
2015-10-08,3.1,19.1,11.100000000000001,0.0,75.0,36.0
2015-10-09,15.3,19.2,17.25,0.0,52.0,47.0
2015-10-10,19.9,31.9,25.9,0.0,38.0,24.0
2015-10-11,14.2,27.5,20.85,0.4,73.0,67.0
2015-10-12,10.7,25.85,18.275,0.1999999999999999,66.5,46.5
2015-10-13,7.2,24.2,15.7,0.0,60.0,26.0
2015-10-14,13.1,26.6,19.85,0.2,98.0,50.0
2015-10-15,11.8,37.7,24.75,0.0,21.0,8.0
2015-10-16,6.8,22.5,14.65,0.0,47.0,40.0
2015-10-17,11.65,28.35,20.0,0.0,43.0,30.0
2015-10-18,16.5,34.2,25.35,0.0,39.0,20.0
2015-10-19,3.0,26.4,14.7,0.0,48.0,20.0
2015-10-20,21.4,28.2,24.799999999999997,0.0,60.0,28.0
2015-10-21,19.4,28.5,23.95,5.2,72.0,62.0
2015-10-22,18.4,26.2,22.299999999999997,0.0,61.0,74.0
2015-10-23,21.9,29.7,25.799999999999997,0.0,61.0,62.0
2015-10-24,12.9,22.3,17.6,0.2,62.0,54.0
2015-10-25,24.5,30.0,27.25,0.0,65.0,65.0
2015-10-26,10.7,15.2,12.95,1.6,83.0,58.0
2015-10-27,7.1,17.3,12.2,0.0,50.0,39.0
2015-10-28,8.4,22.3,15.350000000000001,0.0,56.0,34.0
2015-10-29,23.2,29.5,26.35,0.0,65.0,58.0
2015-10-30,14.8,27.1,20.950000000000003,0.0,31.0,25.0
2015-10-31,14.15,23.700000000000003,18.925,0.8000000000000002,53.0,46.5
2015-11-01,13.5,20.3,16.9,1.6,75.0,68.0
2015-11-02,11.3,23.4,17.35,0.0,65.0,54.0
2015-11-03,17.9,19.0,18.45,0.0,97.0,97.0
2015-11-04,12.35,15.35,13.85,6.0,97.0,97.0
2015-11-05,6.8,11.7,9.25,12.0,97.0,97.0
2015-11-06,18.3,39.8,29.049999999999997,0.0,20.0,7.0
2015-11-07,17.3,24.1,20.700000000000003,1.2,63.0,49.0
2015-11-08,9.2,25.7,17.45,0.0,60.0,32.0
2015-11-09,20.5,36.7,28.6,0.0,17.0,18.0
2015-11-10,16.2,22.7,19.45,0.0,63.0,72.0
2015-11-11,12.3,24.1,18.200000000000003,0.0,62.0,40.0
2015-11-12,11.4,18.3,14.850000000000001,2.0,88.0,87.0
2015-11-13,13.8,18.3,16.05,4.8,88.5,89.0
2015-11-14,16.2,18.3,17.25,7.6,89.0,91.0
2015-11-15,16.7,18.73333333333333,17.716666666666665,5.466666666666667,92.0,85.33333333333333
2015-11-16,17.2,19.166666666666668,18.183333333333334,3.333333333333333,95.0,79.66666666666667
2015-11-17,17.7,19.6,18.65,1.2,98.0,74.0
2015-11-18,8.6,34.9,21.75,0.0,95.0,14.0
2015-11-19,12.6,28.2,20.4,0.0,75.0,37.0
2015-11-20,16.6,21.5,19.05,0.0,55.0,60.0
2015-11-21,11.9,26.1,19.0,0.0,52.0,25.0
2015-11-22,11.8,22.2,17.0,0.0,47.0,30.0
2015-11-23,8.7,21.3,15.0,0.0,82.0,40.0
2015-11-24,15.0,23.3,19.15,0.2,62.0,55.0
2015-11-25,9.3,32.2,20.75,0.0,73.0,25.0
2015-11-26,20.3,41.6,30.950000000000003,0.0,43.0,7.0
2015-11-27,18.4,24.1,21.25,0.0,68.0,64.0
2015-11-28,12.75,21.700000000000003,17.225,0.0,72.5,53.5
2015-11-29,7.1,19.3,13.2,0.0,77.0,43.0
2015-11-30,7.9,28.4,18.15,0.0,63.0,23.0
2015-12-01,13.3,19.9,16.6,6.0,36.0,53.0
2015-12-02,18.8,21.0,19.9,0.4,95.0,86.0
2015-12-03,9.2,23.7,16.45,0.0,65.0,47.0
2015-12-04,12.7,21.1,16.9,0.8,59.0,39.0
2015-12-05,15.2,21.4,18.299999999999997,3.2,73.0,69.0
2015-12-06,18.0,35.2,26.6,0.0,52.0,22.0
2015-12-07,15.7,28.8,22.25,0.0,67.0,37.0
2015-12-08,19.8,37.1,28.450000000000003,4.6,67.0,26.0
2015-12-09,12.9,25.9,19.4,24.8,69.0,46.0
2015-12-10,19.6,29.3,24.450000000000003,15.8,68.0,73.0
2015-12-11,25.4,32.2,28.8,0.0,57.0,49.0
2015-12-12,5.0,17.0,11.0,1.4,43.0,39.0
2015-12-13,24.2,31.1,27.65,2.8,81.0,68.0
2015-12-14,10.4,25.9,18.15,0.0,56.0,38.0
2015-12-15,25.4,35.4,30.4,0.0,8.0,10.0
2015-12-16,21.1,23.4,22.25,0.6,87.0,82.0
2015-12-17,13.0,29.2,21.1,0.2,79.0,54.0
2015-12-18,13.6,33.6,23.6,0.0,60.0,24.0
2015-12-19,17.2,37.3,27.25,0.0,66.0,20.0
2015-12-20,20.55,35.099999999999994,27.824999999999996,0.0,54.5,52.0
2015-12-21,23.9,32.9,28.4,0.0,43.0,84.0
2015-12-22,17.9,19.6,18.75,39.8,100.0,92.0
2015-12-23,13.7,28.45,21.075,19.9,69.5,51.50000000000001
2015-12-24,9.5,37.3,23.4,0.0,39.0,11.0
2015-12-25,20.5,38.1,29.3,0.0,18.0,10.0
2015-12-26,12.5,22.2,17.35,0.0,61.0,100.0
2015-12-27,10.6,27.2,18.9,0.0,43.0,18.0
2015-12-28,19.6,23.9,21.75,0.8,77.0,74.0
2015-12-29,17.4,23.9,20.65,0.0,69.0,56.0
2015-12-30,24.0,30.4,27.2,2.4,57.0,56.0
2015-12-31,17.3,36.6,26.950000000000003,0.0,53.0,17.0
2016-01-01,16.4,25.0,20.7,0.0,75.0,61.0
2016-01-02,19.7,34.7,27.200000000000003,0.0,57.0,20.0
2016-01-03,17.5,23.8,20.65,0.0,73.0,61.0
2016-01-04,6.6,9.3,7.95,7.2,97.0,97.0
2016-01-05,17.8,20.3,19.05,34.2,87.0,87.0
2016-01-06,17.0,35.5,26.25,0.0,55.0,43.0
2016-01-07,17.9,35.2,26.55,0.0,38.0,27.0
2016-01-08,18.8,34.9,26.85,0.0,21.0,11.0
2016-01-09,27.5,32.7,30.1,0.0,66.0,62.0
2016-01-10,19.45,29.9,24.674999999999997,0.0,50.5,73.0
2016-01-11,11.4,27.1,19.25,0.0,35.0,84.0
2016-01-12,19.5,23.2,21.35,35.2,96.0,90.0
2016-01-13,21.8,30.9,26.35,0.0,56.0,50.0
2016-01-14,17.9,23.1,20.5,0.0,63.0,36.0
2016-01-15,13.5,25.7,19.6,0.0,38.0,19.0
2016-01-16,13.2,22.7,17.95,0.6,84.0,74.0
2016-01-17,16.3,25.1,20.700000000000003,0.4,74.0,48.0
2016-01-18,7.4,22.3,14.850000000000001,0.0,60.0,44.0
2016-01-19,26.3,34.1,30.200000000000003,0.0,66.0,57.0
2016-01-20,18.3,30.2,24.25,3.8,88.0,54.0
2016-01-21,20.6,34.3,27.45,0.2,100.0,28.0
2016-01-22,21.5,29.9,25.7,8.0,77.0,93.0
2016-01-23,22.3,26.0,24.15,13.0,60.0,59.0
2016-01-24,19.0,23.9,21.45,4.6,79.0,66.0
2016-01-25,15.5,30.0,22.75,0.0,61.0,29.0
2016-01-26,14.8,29.6,22.200000000000003,0.0,76.0,30.0
2016-01-27,17.2,25.6,21.4,19.2,76.0,67.0
2016-01-28,20.1,31.5,25.8,0.0,85.0,58.0
2016-01-29,10.5,20.7,15.6,1.0,81.0,39.0
2016-01-30,10.0,28.1,19.05,0.0,70.0,26.0
2016-01-31,5.0,8.8,6.9,48.6,97.0,97.0
2016-02-01,12.2,21.4,16.799999999999997,9.0,99.0,59.0
2016-02-02,11.75,21.95,16.85,4.5,79.0,59.0
2016-02-03,11.3,22.5,16.9,0.0,59.0,59.0
2016-02-04,7.5,15.8,11.65,13.2,97.0,58.0
2016-02-05,14.2,29.9,22.049999999999997,0.0,47.0,34.0
2016-02-06,14.55,31.1,22.825000000000003,0.0,55.5,28.5
2016-02-07,14.9,32.3,23.599999999999998,0.0,64.0,23.0
2016-02-08,13.8,26.1,19.950000000000003,0.0,68.0,40.0
2016-02-09,20.5,37.5,29.0,0.0,21.0,17.0
2016-02-10,21.6,39.9,30.75,0.0,20.0,10.0
2016-02-11,12.9,32.5,22.7,0.0,69.0,26.0
2016-02-12,13.4,31.2,22.3,0.0,68.0,17.0
2016-02-13,14.5,34.8,24.65,0.0,36.0,10.0
2016-02-14,17.8,38.1,27.950000000000003,0.0,88.0,34.0
2016-02-15,20.3,36.9,28.6,0.0,21.0,13.0
2016-02-16,12.9,18.7,15.8,2.0,92.0,49.0
2016-02-17,17.2,28.7,22.95,0.0,52.0,65.0
2016-02-18,18.3,26.4,22.35,0.0,59.0,47.0
2016-02-19,26.0,32.7,29.35,0.4,75.0,63.0
2016-02-20,22.9,27.9,25.4,0.0,80.0,77.0
2016-02-21,27.3,33.3,30.299999999999997,2.6,68.0,67.0
2016-02-22,20.3,41.2,30.75,0.0,19.0,12.0
2016-02-23,12.4,24.9,18.65,0.0,51.0,42.0
2016-02-24,16.3,36.2,26.25,0.0,84.0,28.0
2016-02-25,22.7,31.5,27.1,0.0,66.0,37.0
2016-02-26,14.7,24.9,19.799999999999997,0.0,63.0,46.0
2016-02-27,14.6,25.4,20.0,0.0,74.0,55.0
2016-02-28,14.9,22.0,18.45,0.0,59.0,62.0
2016-02-29,18.3,37.9,28.1,4.0,90.0,52.0
2016-03-01,26.6,35.2,30.900000000000002,0.0,75.0,63.0
2016-03-02,15.8,37.5,26.65,0.0,35.0,12.0
2016-03-03,17.9,34.6,26.25,0.0,93.0,36.0
2016-03-04,20.7,29.9,25.299999999999997,0.4,66.0,44.0
2016-03-05,13.9,25.6,19.75,0.0,65.0,36.0
2016-03-06,17.45,26.95,22.2,0.0,68.0,46.5
2016-03-07,21.0,28.3,24.65,0.0,71.0,57.0
2016-03-08,21.2,32.0,26.6,0.0,81.0,38.0
2016-03-09,15.8,32.6,24.200000000000003,0.0,87.0,36.0
2016-03-10,15.8,18.9,17.35,0.6,94.0,83.0
2016-03-11,24.0,30.8,27.4,68.8,92.0,73.0
2016-03-12,16.6,20.7,18.65,0.2,96.0,80.0
2016-03-13,24.7,37.5,31.1,0.0,39.0,25.0
2016-03-14,21.6,29.9,25.75,0.0,82.0,86.0
2016-03-15,20.1,25.1,22.6,2.2,81.0,80.0
2016-03-16,21.9,37.7,29.8,0.0,52.0,25.0
2016-03-17,15.4,21.1,18.25,0.0,58.0,54.0
2016-03-18,12.15,22.35,17.25,0.0,67.0,42.5
2016-03-19,8.9,23.6,16.25,0.0,76.0,31.0
2016-03-20,10.2,23.6,16.9,0.0,67.0,29.0
2016-03-21,16.1,27.4,21.75,0.0,65.0,72.0
2016-03-22,20.7,27.2,23.95,0.0,68.0,58.0
2016-03-23,15.8,23.6,19.700000000000003,0.6,66.0,54.0
2016-03-24,10.7,23.1,16.9,0.0,75.0,44.0
2016-03-25,8.25,22.4,15.325,0.0,78.5,41.5
2016-03-26,5.8,21.7,13.75,0.0,82.0,39.0
2016-03-27,8.2,24.55,16.375,0.0,77.5,34.0
2016-03-28,10.6,27.4,19.0,0.0,73.0,29.0
2016-03-29,13.75,27.85,20.8,1.7999999999999998,81.0,32.5
2016-03-30,16.9,28.3,22.6,3.6,89.0,36.0
2016-03-31,16.5,22.4,19.45,0.0,57.0,61.0
2016-04-01,10.9,26.8,18.85,0.0,57.0,27.0
2016-04-02,10.2,23.85,17.025,0.0,63.5,35.5
2016-04-03,9.5,20.9,15.2,0.0,70.0,44.0
2016-04-04,21.0,32.2,26.6,0.0,60.0,48.0
2016-04-05,17.7,27.1,22.4,8.0,76.0,77.0
2016-04-06,15.5,34.0,24.75,0.0,57.0,33.0
2016-04-07,17.8,31.9,24.85,0.0,61.0,43.5
2016-04-08,20.1,29.8,24.950000000000003,0.0,65.0,54.0
2016-04-09,17.5,25.0,21.25,0.4,80.0,61.0
2016-04-10,15.25,25.15,20.2,0.1999999999999999,63.0,46.5
2016-04-11,13.0,25.3,19.15,0.0,46.0,32.0
2016-04-12,16.0,23.2,19.6,2.6,82.0,64.0
2016-04-13,26.1,35.7,30.900000000000002,0.0,80.0,30.0
2016-04-14,9.2,19.3,14.25,0.0,83.0,62.0
2016-04-15,11.9,29.1,20.5,0.0,36.0,25.0
2016-04-16,16.8,27.1,21.950000000000003,0.0,67.0,42.0
2016-04-17,11.1,19.0,15.05,0.2,58.0,53.0
2016-04-18,7.1,21.8,14.45,0.0,85.0,44.0
2016-04-19,8.8,27.0,17.9,0.0,88.0,37.0
2016-04-20,16.8,25.0,20.9,0.0,73.0,67.0
2016-04-21,17.5,27.0,22.25,0.0,71.0,65.0
2016-04-22,6.6,10.3,8.45,6.0,97.0,96.0
2016-04-23,16.1,21.5,18.8,11.2,87.0,63.0
2016-04-24,15.4,27.0,21.2,0.0,53.0,60.0
2016-04-25,21.9,31.0,26.45,0.0,53.0,44.0
2016-04-26,1.6,24.0,12.8,0.0,71.0,16.0
2016-04-27,15.3,25.3,20.3,0.0,69.0,54.0
2016-04-28,14.4,20.1,17.25,2.8,96.0,61.0
2016-04-29,18.2,24.2,21.2,0.0,69.0,73.0
2016-04-30,13.6,35.4,24.5,0.0,38.0,18.0
2016-05-01,8.9,11.6,10.25,14.8,86.0,76.0
2016-05-02,3.8,16.9,10.35,0.0,88.0,44.0
2016-05-03,21.0,30.0,25.5,2.4,79.0,68.0
2016-05-04,12.2,26.2,19.2,0.0,59.0,34.0
2016-05-05,22.7,30.7,26.7,0.0,76.0,64.0
2016-05-06,0.7,22.2,11.45,0.0,76.0,40.0
2016-05-07,9.1,25.8,17.45,0.0,98.0,45.0
2016-05-08,16.1,27.3,21.700000000000003,0.0,67.0,59.0
2016-05-09,18.96666666666667,27.73333333333333,23.35,0.0,54.66666666666667,49.66666666666667
2016-05-10,21.83333333333333,28.166666666666668,25.0,0.0,42.333333333333336,40.333333333333336
2016-05-11,24.7,28.6,26.65,0.0,30.0,31.0
2016-05-12,11.7,16.7,14.2,4.8,94.0,92.0
2016-05-13,8.9,25.6,17.25,0.0,68.0,37.0
2016-05-14,8.6,20.8,14.7,0.0,82.0,55.0
2016-05-15,5.449999999999999,18.15,11.799999999999999,0.0,88.5,57.0
2016-05-16,2.3,15.5,8.9,0.0,95.0,59.0
2016-05-17,1.25,15.5,8.375,0.0,87.0,54.5
2016-05-18,0.2,15.5,7.85,0.0,79.0,50.0
2016-05-19,9.5,20.4,14.95,0.0,74.0,38.0
2016-05-20,9.2,20.7,14.95,0.0,59.0,49.0
2016-05-21,10.2,22.7,16.45,0.0,94.0,56.0
2016-05-22,11.9,18.7,15.3,0.2,76.0,68.0
2016-05-23,8.5,16.7,12.6,5.0,84.0,74.0
2016-05-24,5.1,20.1,12.600000000000001,0.0,84.0,47.0
2016-05-25,7.9,12.6,10.25,0.0,61.0,93.0
2016-05-26,18.6,29.3,23.950000000000003,0.0,70.0,56.0
2016-05-27,8.5,17.4,12.95,0.6,69.0,58.0
2016-05-28,12.9,17.7,15.3,16.2,75.0,58.0
2016-05-29,7.7,18.9,13.299999999999999,4.6,54.0,30.0
2016-05-30,6.7,15.5,11.1,0.0,65.0,50.0
2016-05-31,24.8,34.4,29.6,0.0,70.0,33.0
2016-06-01,16.6,22.4,19.5,0.0,59.0,58.0
2016-06-02,11.5,18.0,14.75,0.0,70.0,70.0
2016-06-03,12.933333333333334,18.6,15.766666666666667,54.73333333333333,78.66666666666667,76.33333333333333
2016-06-04,14.366666666666667,19.2,16.78333333333333,109.46666666666668,87.33333333333333,82.66666666666667
2016-06-05,15.8,19.8,17.8,164.2,96.0,89.0
2016-06-06,7.2,12.3,9.75,1.2,99.0,80.0
2016-06-07,15.5,27.2,21.35,5.6,100.0,71.0
2016-06-08,16.0,27.0,21.5,0.0,74.0,72.0
2016-06-09,13.8,22.0,17.9,0.2,62.0,32.0
2016-06-10,5.2,17.6,11.4,0.0,76.0,38.0
2016-06-11,7.6,16.1,11.850000000000001,1.8,77.0,57.0
2016-06-12,4.5,14.1,9.3,2.6,91.0,62.0
2016-06-13,7.4,19.6,13.5,0.0,52.0,45.0
2016-06-14,3.4,21.2,12.299999999999999,0.0,100.0,46.0
2016-06-15,7.9,21.8,14.850000000000001,0.0,66.0,37.0
2016-06-16,4.7,13.7,9.2,0.2,84.0,79.0
2016-06-17,4.1,15.9,10.0,7.6,97.0,83.0
2016-06-18,7.0,19.6,13.3,0.0,66.0,48.0
2016-06-19,14.4,19.0,16.7,0.8,82.0,95.0
2016-06-20,7.8,13.8,10.8,28.2,100.0,74.0
2016-06-21,12.6,20.5,16.55,0.0,57.0,45.0
2016-06-22,7.6,14.5,11.05,5.2,89.0,80.0
2016-06-23,9.2,17.6,13.4,0.0,68.0,59.0
2016-06-24,0.3,13.5,6.9,0.4,83.0,55.0
2016-06-25,8.9,13.7,11.3,0.0,58.0,42.0
2016-06-26,2.2,10.2,6.199999999999999,0.0,87.0,57.0
2016-06-27,22.0,26.0,24.0,1.2,89.0,90.0
2016-06-28,6.6,15.4,11.0,0.2,94.0,82.0
2016-06-29,11.1,22.8,16.95,0.0,38.0,41.0
2016-06-30,1.9,17.7,9.799999999999999,0.0,70.0,45.0
2016-07-01,9.1,22.45,15.774999999999999,0.0,68.0,47.5
2016-07-02,16.3,27.2,21.75,0.0,66.0,50.0
2016-07-03,10.2,15.8,13.0,0.0,75.0,55.0
2016-07-04,6.7,8.7,7.699999999999999,8.0,90.0,83.0
2016-07-05,13.6,19.4,16.5,2.0,93.0,86.0
2016-07-06,4.4,11.3,7.8500000000000005,18.0,90.0,84.0
2016-07-07,9.7,12.2,10.95,10.6,96.0,85.0
2016-07-08,11.2,16.5,13.85,1.4,97.0,96.0
2016-07-09,6.55,15.55,11.05,0.7999999999999999,97.5,81.5
2016-07-10,1.9,14.6,8.25,0.2,98.0,67.0
2016-07-11,9.1,16.2,12.649999999999999,16.6,82.0,52.0
2016-07-12,5.3,13.1,9.2,0.0,81.0,42.0
2016-07-13,4.0,14.6,9.3,0.4,79.0,54.0
2016-07-14,-1.0,10.7,4.85,0.0,93.0,68.0
2016-07-15,7.4,13.4,10.4,2.8,97.0,70.0
2016-07-16,7.1,18.4,12.75,0.0,70.0,69.0
2016-07-17,0.0,16.8,8.4,0.0,100.0,39.0
2016-07-18,8.0,21.8,14.9,0.0,69.0,48.0
2016-07-19,22.0,24.0,23.0,17.6,95.0,98.0
2016-07-20,9.8,14.9,12.350000000000001,6.8,100.0,78.0
2016-07-21,8.7,14.9,11.8,13.8,88.0,44.0
2016-07-22,8.5,25.7,17.1,0.2,75.0,48.0
2016-07-23,21.5,31.9,26.7,0.0,71.0,50.0
2016-07-24,-0.2,12.8,6.300000000000001,5.2,92.0,53.0
2016-07-25,2.8,12.1,7.449999999999999,0.0,84.0,56.0
2016-07-26,10.4,19.5,14.95,0.0,64.0,41.0
2016-07-27,14.9,19.7,17.3,0.0,41.0,39.0
2016-07-28,4.8,15.3,10.05,0.0,79.0,59.0
2016-07-29,6.7,22.4,14.549999999999999,0.0,60.0,24.0
2016-07-30,7.6,14.2,10.899999999999999,3.8,98.0,72.0
2016-07-31,10.3,16.3,13.3,0.8,87.0,55.0
2016-08-01,12.8,16.8,14.8,0.0,59.0,62.0
2016-08-02,8.5,13.4,10.95,14.4,65.0,65.0
2016-08-03,0.7,13.8,7.25,0.2,68.0,47.0
2016-08-04,-2.3,17.9,7.799999999999999,0.0,53.0,22.0
2016-08-05,8.4,13.8,11.100000000000001,8.6,93.0,80.0
2016-08-06,5.1,17.2,11.149999999999999,0.0,84.0,39.0
2016-08-07,6.9,15.2,11.05,0.0,91.0,45.0
2016-08-08,8.5,17.8,13.15,0.0,60.0,57.0
2016-08-09,21.0,32.9,26.95,0.0,69.0,38.0
2016-08-10,9.1,16.4,12.75,5.6,99.0,64.0
2016-08-11,5.2,14.0,9.6,0.0,49.0,43.0
2016-08-12,13.6,22.3,17.95,2.0,67.0,59.0
2016-08-13,8.5,19.8,14.15,0.0,62.0,44.0
2016-08-14,10.0,23.6,16.8,0.0,56.0,38.0
2016-08-15,5.9,23.1,14.5,0.0,56.0,29.0
2016-08-16,4.6,18.9,11.75,0.0,78.0,51.0
2016-08-17,6.6,25.0,15.8,0.0,77.0,30.0
2016-08-18,18.4,25.6,22.0,4.9,76.0,68.0
2016-08-19,11.3,22.5,16.9,0.0,38.0,21.0
2016-08-20,1.9,11.9,6.9,17.0,91.0,60.0
2016-08-21,8.2,20.4,14.299999999999999,0.0,48.0,32.0
2016-08-22,7.6,14.4,11.0,8.8,64.0,67.0
2016-08-23,10.2,17.2,13.7,11.6,94.0,77.0
2016-08-24,0.5,9.6,5.05,0.4,100.0,84.0
2016-08-25,2.9,13.6,8.25,3.8,82.0,56.0
2016-08-26,4.3,17.9,11.1,0.0,57.0,17.0
2016-08-27,-3.2,13.1,4.949999999999999,0.0,99.0,53.0
2016-08-28,0.3,20.2,10.25,0.0,76.0,30.0
2016-08-29,8.6,20.7,14.649999999999999,0.0,55.0,63.0
2016-08-30,8.1,16.1,12.100000000000001,0.6,72.0,60.0
2016-08-31,4.8,6.4,5.6,20.8,100.0,100.0
2016-09-01,9.2,19.4,14.299999999999999,0.2,66.0,54.0
2016-09-02,6.6,16.3,11.45,0.2,82.0,66.0
2016-09-03,10.0,15.7,12.85,0.2,73.0,54.0
2016-09-04,5.4,19.4,12.399999999999999,0.0,64.0,45.0
2016-09-05,14.5,18.2,16.35,5.8,91.0,81.0
2016-09-06,12.2,19.3,15.75,0.0,71.0,74.0
2016-09-07,9.6,15.5,12.55,14.0,52.0,72.0
2016-09-08,11.6,17.9,14.75,5.4,58.0,49.0
2016-09-09,6.7,18.9,12.799999999999999,0.0,70.0,52.0
2016-09-10,14.4,21.9,18.15,1.0,62.0,38.0
2016-09-11,9.7,15.4,12.55,0.8,74.0,64.0
2016-09-12,10.5,23.3,16.9,0.0,70.0,65.0
2016-09-13,9.0,13.7,11.35,6.2,76.0,96.0
2016-09-14,7.6,19.3,13.45,0.0,55.0,34.0
2016-09-15,14.8,22.8,18.8,0.0,29.0,27.0
2016-09-16,6.8,14.1,10.45,0.4,72.0,56.0
2016-09-17,6.4,15.3,10.850000000000001,0.8,84.0,84.0
2016-09-18,9.2,15.9,12.55,2.4,82.0,41.0
2016-09-19,6.0,17.6,11.8,5.2,98.0,56.0
2016-09-20,10.9,18.1,14.5,0.0,44.0,52.0
2016-09-21,10.3,14.1,12.2,0.4,95.0,89.0
2016-09-22,13.4,21.4,17.4,0.2,56.0,48.0
2016-09-23,2.4,18.5,10.45,0.0,69.0,50.0
2016-09-24,5.7,14.9,10.3,2.6,82.0,82.0
2016-09-25,5.4,17.5,11.45,2.8,73.0,44.0
2016-09-26,8.5,17.0,12.75,0.6,99.0,97.0
2016-09-27,15.8,23.55,19.675,0.3,79.5,78.0
2016-09-28,23.1,30.1,26.6,0.0,60.0,59.0
2016-09-29,1.7,15.8,8.75,0.0,66.0,67.0
2016-09-30,3.6,24.1,13.850000000000001,0.0,40.0,21.0
2016-10-01,-1.7,2.5,0.4,0.0,97.0,97.0
2016-10-02,12.1,24.0,18.05,0.0,56.0,33.0
2016-10-03,7.1,19.0,13.05,0.0,75.0,82.0
2016-10-04,12.7,23.4,18.049999999999997,0.0,34.0,25.0
2016-10-05,13.3,25.05,19.175,0.0,36.5,37.5
2016-10-06,13.9,26.7,20.3,0.0,39.0,50.0
2016-10-07,14.7,24.7,19.7,0.2,76.0,50.0
2016-10-08,3.4,18.1,10.75,0.0,80.0,37.0
2016-10-09,13.6,38.6,26.1,0.0,18.0,8.0
2016-10-10,9.2,14.9,12.05,0.0,80.0,48.0
2016-10-11,10.4,20.7,15.55,0.0,37.0,26.0
2016-10-12,2.2,16.8,9.5,0.0,90.0,53.0
2016-10-13,1.4,17.1,9.25,2.6,97.0,53.0
2016-10-14,1.45,15.3,8.375,1.3,67.0,46.0
2016-10-15,1.5,13.5,7.5,0.0,37.0,39.0
2016-10-16,20.4,30.3,25.35,0.0,57.0,62.0
2016-10-17,9.6,24.2,16.9,0.0,35.0,11.0
2016-10-18,6.4,14.2,10.3,8.8,77.0,55.0
2016-10-19,13.9,22.0,17.95,0.0,34.0,63.0
2016-10-20,4.3,20.3,12.3,0.0,65.0,36.0
2016-10-21,15.3,25.2,20.25,0.0,55.0,55.0
2016-10-22,16.6,21.7,19.15,7.4,98.0,72.0
2016-10-23,10.2,29.5,19.85,0.0,27.0,19.0
2016-10-24,2.6,19.3,10.950000000000001,0.0,65.0,50.0
2016-10-25,7.6,24.0,15.8,0.2,55.0,39.0
2016-10-26,2.1,26.2,14.15,0.0,49.0,25.0
2016-10-27,17.3,22.2,19.75,0.0,71.0,67.0
2016-10-28,3.7,17.8,10.75,0.0,67.0,36.0
2016-10-29,14.9,25.1,20.0,0.5,72.0,71.0
2016-10-30,7.4,16.1,11.75,4.8,74.0,63.0
2016-10-31,0.8,22.7,11.75,0.0,49.0,28.0
2016-11-01,8.9,21.1,15.0,0.0,48.0,49.0
2016-11-02,12.5,22.2,17.35,0.0,30.0,43.0
2016-11-03,13.6,25.2,19.4,0.0,57.0,50.0
2016-11-04,4.6,27.0,15.8,0.0,52.0,9.0
2016-11-05,7.1,19.2,13.149999999999999,0.0,56.0,43.0
2016-11-06,9.7,23.2,16.45,0.0,64.0,34.0
2016-11-07,12.4,15.1,13.75,0.0,68.0,91.0
2016-11-08,7.7,17.6,12.65,0.0,67.0,78.0
2016-11-09,7.8,22.7,15.25,0.0,60.0,35.0
2016-11-10,16.6,23.8,20.200000000000003,7.2,88.0,75.0
2016-11-11,27.1,34.7,30.900000000000002,0.0,73.0,56.0
2016-11-12,12.3,18.8,15.55,5.6,100.0,61.0
2016-11-13,21.8,32.8,27.299999999999997,8.6,84.0,76.0
2016-11-14,10.1,15.8,12.95,7.6,82.0,71.0
2016-11-15,12.9,24.7,18.8,1.0,74.0,44.0
2016-11-16,13.4,33.7,23.55,0.0,36.0,11.0
2016-11-17,11.0,29.3,20.15,0.0,73.0,34.0
2016-11-18,15.3,18.9,17.1,0.0,74.0,72.0
2016-11-19,10.1,22.1,16.1,0.0,71.0,41.0
2016-11-20,13.6,22.7,18.15,0.0,62.0,40.0
2016-11-21,24.1,42.2,33.150000000000006,0.0,17.0,28.0
2016-11-22,16.6,20.1,18.35,5.2,92.0,83.0
2016-11-23,19.7,31.2,25.45,0.0,53.0,56.0
2016-11-24,3.8,22.3,13.05,0.0,54.0,26.0
2016-11-25,9.8,29.3,19.55,0.0,61.0,20.0
2016-11-26,8.9,18.9,13.899999999999999,0.0,65.0,49.0
2016-11-27,9.3,28.1,18.700000000000003,0.0,67.0,34.0
2016-11-28,20.2,28.8,24.5,0.0,68.0,56.0
2016-11-29,18.1,38.3,28.2,0.0,19.0,8.0
2016-11-30,21.1,31.3,26.200000000000003,2.8,64.0,58.0
2016-12-01,15.35,26.5,20.925,1.4,59.0,56.0
2016-12-02,9.6,21.7,15.649999999999999,0.0,54.0,54.0
2016-12-03,6.5,23.2,14.85,0.0,62.0,33.0
2016-12-04,8.2,24.65,16.424999999999997,0.0,55.5,35.0
2016-12-05,9.9,26.1,18.0,0.0,49.0,37.0
2016-12-06,20.7,25.4,23.049999999999997,1.2,82.0,75.0
2016-12-07,18.9,23.7,21.299999999999997,8.4,80.0,66.0
2016-12-08,9.4,30.3,19.85,0.0,71.0,30.0
2016-12-09,8.6,19.3,13.95,7.6,63.0,40.0
2016-12-10,10.9,20.3,15.600000000000001,0.0,63.0,50.0
2016-12-11,18.2,28.6,23.4,0.0,67.0,42.0
2016-12-12,20.366666666666667,30.96666666666667,25.666666666666668,0.0,52.66666666666666,38.66666666666666
2016-12-13,22.53333333333333,33.333333333333336,27.933333333333334,0.0,38.33333333333333,35.333333333333336
2016-12-14,24.7,35.7,30.200000000000003,0.0,24.0,32.0
2016-12-15,9.0,19.7,14.35,0.0,50.0,45.0
2016-12-16,16.0,22.7,19.35,5.2,93.0,66.0
2016-12-17,16.6,22.65,19.625,2.6,80.0,63.5
2016-12-18,17.2,22.6,19.9,0.0,67.0,61.0
2016-12-19,15.9,22.700000000000003,19.3,1.1,61.5,51.5
2016-12-20,14.6,22.8,18.7,2.2,56.0,42.0
2016-12-21,12.3,34.8,23.549999999999997,0.0,44.0,12.0
2016-12-22,18.0,24.4,21.2,0.0,77.0,66.0
2016-12-23,12.5,34.6,23.55,0.0,80.0,25.0
2016-12-24,26.2,33.2,29.700000000000003,0.0,79.0,71.0
2016-12-25,23.55,31.25,27.4,0.0,69.0,61.0
2016-12-26,20.9,29.3,25.1,0.0,59.0,51.0
2016-12-27,12.7,21.8,17.25,0.0,79.0,87.0
2016-12-28,19.0,29.8,24.4,0.2,51.0,46.0
2016-12-29,16.3,30.1,23.200000000000003,8.8,92.0,45.0
2016-12-30,19.1,41.0,30.05,4.5,46.0,26.0
2016-12-31,16.3,24.6,20.450000000000003,0.2,66.0,49.0
2017-01-01,15.9,31.5,23.7,0.0999999999999999,60.0,27.0
2017-01-02,26.1,32.5,29.3,0.0,61.0,58.0
2017-01-03,14.6,27.7,21.15,0.0,60.0,72.0
2017-01-04,25.6,33.6,29.6,0.0,70.0,68.0
2017-01-05,24.7,33.3,29.0,5.2,72.0,64.0
2017-01-06,21.8,30.3,26.05,0.0,76.0,72.0
2017-01-07,21.7,28.5,25.1,23.4,60.0,45.0
2017-01-08,20.3,25.4,22.85,0.0,69.0,69.0
2017-01-09,18.5,38.7,28.6,0.0,66.0,30.0
2017-01-10,17.3,34.2,25.75,0.0,58.0,35.0
2017-01-11,19.0,41.0,30.0,0.0,33.0,28.0
2017-01-12,16.9,31.1,24.0,0.0,53.5,60.0
2017-01-13,14.8,21.2,18.0,0.0,74.0,92.0
2017-01-14,15.2,23.5,19.35,2.6,57.0,48.0
2017-01-15,20.5,23.8,22.15,0.0,73.0,74.0
2017-01-16,18.45,32.45,25.450000000000003,0.0,52.5,41.0
2017-01-17,16.4,41.1,28.75,0.0,32.0,8.0
2017-01-18,12.6,22.7,17.65,0.0,62.0,43.0
2017-01-19,16.6,34.5,25.55,0.7,52.0,22.0
2017-01-20,23.4,38.6,31.0,1.4,71.0,86.0
2017-01-21,9.3,26.6,17.950000000000003,0.0,61.0,45.0
2017-01-22,18.1,31.0,24.55,0.2,60.0,44.0
2017-01-23,13.3,21.4,17.35,0.8,62.0,46.0
2017-01-24,15.1,26.4,20.75,0.6,64.0,32.0
2017-01-25,13.4,31.55,22.475,0.3,45.0,21.0
2017-01-26,11.7,36.7,24.200000000000003,0.0,26.0,10.0
2017-01-27,12.3,24.9,18.6,0.0,73.0,52.0
2017-01-28,9.0,25.8,17.4,0.0,85.0,49.0
2017-01-29,22.3,30.2,26.25,0.0,74.0,56.0
2017-01-30,17.55,28.6,23.075000000000003,0.0,70.5,43.5
2017-01-31,12.8,27.0,19.9,0.0,67.0,31.0
2017-02-01,12.3,22.6,17.450000000000003,0.0,69.0,59.0
2017-02-02,11.8,22.9,17.35,0.2,64.0,38.0
2017-02-03,13.5,23.9,18.7,0.2,64.0,42.0
2017-02-04,14.25,25.05,19.65,0.2,76.0,68.5
2017-02-05,15.0,26.2,20.6,0.2,88.0,95.0
2017-02-06,20.9,23.8,22.35,3.4,94.0,88.0
2017-02-07,22.5,31.5,27.0,3.1,78.0,58.0
2017-02-08,24.1,39.2,31.650000000000002,2.8,62.0,28.0
2017-02-09,21.3,40.1,30.700000000000003,0.0,65.0,25.0
2017-02-10,23.2,29.7,26.45,0.0,59.0,69.0
2017-02-11,22.6,30.0,26.3,0.0,65.0,72.0
2017-02-12,10.9,17.2,14.05,0.6,99.0,44.0
2017-02-13,13.0,18.8,15.9,1.2,87.0,84.0
2017-02-14,18.5,21.0,19.75,11.6,88.0,76.0
2017-02-15,18.55,25.9,22.225,5.799999999999999,75.0,61.5
2017-02-16,18.6,30.8,24.700000000000003,0.0,62.0,47.0
2017-02-17,13.7,25.5,19.6,0.0,68.0,45.0
2017-02-18,24.1,31.1,27.6,0.0,74.0,71.0
2017-02-19,12.2,29.8,21.0,0.0,56.0,28.0
2017-02-20,13.675,31.5,22.5875,0.0,48.75,24.25
2017-02-21,15.15,33.2,24.175,0.0,41.5,20.5
2017-02-22,16.625,34.9,25.7625,0.0,34.25,16.75
2017-02-23,18.1,36.6,27.35,0.0,27.0,13.0
2017-02-24,14.5,24.5,19.5,0.0,55.0,38.0
2017-02-25,20.4,23.0,21.7,0.0,89.0,100.0
2017-02-26,21.8,30.3,26.05,0.0,59.0,57.0
2017-02-27,10.9,35.5,23.2,0.0,71.0,20.0
2017-02-28,9.7,28.5,19.1,0.0,66.0,47.0
2017-03-01,18.4,37.2,27.8,0.0,40.0,20.0
2017-03-02,20.0,26.2,23.1,18.2,86.0,76.0
2017-03-03,21.0,35.5,28.25,0.0,48.0,21.0
2017-03-04,15.9,24.2,20.05,0.0,89.0,68.0
2017-03-05,17.4,30.8,24.1,0.0,75.0,30.0
2017-03-06,24.8,30.0,27.4,32.2,87.0,90.0
2017-03-07,18.0,30.6,24.3,16.1,84.0,59.0
2017-03-08,11.2,31.2,21.2,0.0,81.0,28.0
2017-03-09,12.5,32.8,22.65,0.0,68.0,24.0
2017-03-10,14.7,33.1,23.9,0.0,49.0,12.0
2017-03-11,15.0,28.5,21.75,0.0,67.0,40.0
2017-03-12,14.7,20.4,17.549999999999997,8.8,94.0,72.0
2017-03-13,13.3,28.7,21.0,4.0,84.0,35.0
2017-03-14,19.7,22.4,21.049999999999997,1.6,98.0,98.0
2017-03-15,19.8,34.1,26.950000000000003,0.0,58.0,30.0
2017-03-16,21.0,34.9,27.95,0.0,59.0,28.0
2017-03-17,9.0,23.9,16.45,7.6,56.0,37.0
2017-03-18,19.2,22.6,20.9,0.0,80.0,92.0
2017-03-19,20.8,25.0,22.9,13.0,93.0,87.0
2017-03-20,20.450000000000003,25.1,22.775000000000002,8.733333333333334,96.5,89.5
2017-03-21,20.1,25.2,22.65,4.466666666666667,100.0,92.0
2017-03-22,23.0,30.6,26.8,0.2,77.0,51.0
2017-03-23,19.6,22.7,21.15,8.8,100.0,100.0
2017-03-24,16.9,31.7,24.299999999999997,0.0,71.0,38.0
2017-03-25,17.1,32.2,24.650000000000002,0.0,61.0,33.0
2017-03-26,17.4,33.6,25.5,0.0,74.0,29.0
2017-03-27,25.3,37.6,31.450000000000003,0.0,44.0,28.0
2017-03-28,21.75,37.95,29.85,0.0,39.5,26.0
2017-03-29,18.2,38.3,28.25,0.0,35.0,24.0
2017-03-30,6.4,17.1,11.75,5.0,80.0,71.0
2017-03-31,9.966666666666669,21.96666666666667,15.966666666666669,3.333333333333333,63.66666666666666,53.0
2017-04-01,13.533333333333337,26.833333333333336,20.183333333333337,1.666666666666667,47.33333333333333,35.0
2017-04-02,17.1,31.7,24.4,0.0,31.0,17.0
2017-04-03,7.5,25.2,16.35,0.0,60.0,26.0
2017-04-04,12.9,28.4,20.65,0.0,33.0,21.0
2017-04-05,16.9,25.6,21.25,0.4,64.0,54.0
2017-04-06,13.7,24.4,19.049999999999997,0.0,94.0,63.0
2017-04-07,14.8,22.3,18.55,0.0,56.0,33.0
2017-04-08,14.3,36.8,25.549999999999997,0.0,26.0,10.0
2017-04-09,16.3,26.6,21.450000000000003,0.0,73.0,54.0
2017-04-10,8.9,25.2,17.05,0.2,94.0,37.0
2017-04-11,8.4,13.2,10.8,0.0,94.0,79.0
2017-04-12,9.933333333333334,14.766666666666666,12.35,0.0,88.66666666666667,74.33333333333333
2017-04-13,11.466666666666669,16.333333333333332,13.9,0.0,83.33333333333333,69.66666666666667
2017-04-14,13.0,17.9,15.45,0.0,78.0,65.0
2017-04-15,21.5,30.0,25.75,0.0,63.0,46.0
2017-04-16,11.8,25.4,18.6,0.2,98.0,40.0
2017-04-17,14.7,24.4,19.549999999999997,0.0,64.0,61.0
2017-04-18,12.35,25.35,18.85,0.0,75.0,49.5
2017-04-19,10.0,26.3,18.15,0.0,86.0,38.0
2017-04-20,16.6,23.3,19.950000000000003,0.4,56.0,55.0
2017-04-21,17.8,25.9,21.85,0.0,46.0,33.0
2017-04-22,17.1,22.2,19.65,4.8,67.0,70.0
2017-04-23,15.1,26.4,20.75,0.0,63.0,57.0
2017-04-24,14.6,26.0,20.3,0.0,68.0,47.0
2017-04-25,17.5,29.2,23.35,0.0,63.0,35.0
2017-04-26,16.9,24.8,20.85,1.8,55.0,43.0
2017-04-27,6.6,16.5,11.55,0.4,78.0,53.0
2017-04-28,4.5,20.9,12.7,0.0,36.0,23.0
2017-04-29,14.9,18.1,16.5,0.2,83.0,79.0
2017-04-30,13.6,25.8,19.7,0.0,65.0,52.0
2017-05-01,8.5,25.8,17.15,0.0,99.0,43.0
2017-05-02,15.3,24.2,19.75,0.0,60.0,61.0
2017-05-03,2.4,16.1,9.25,0.0,93.0,53.0
2017-05-04,3.4,16.9,10.149999999999999,0.0,60.0,39.0
2017-05-05,22.9,33.4,28.15,0.0,57.0,32.0
2017-05-06,12.7,26.2,19.45,0.0,77.0,39.0
2017-05-07,17.1,25.1,21.1,0.0,65.0,69.0
2017-05-08,7.5,14.7,11.1,0.8,88.0,79.0
2017-05-09,5.6,16.7,11.149999999999999,0.0,85.0,50.0
2017-05-10,12.2,19.6,15.9,0.0,70.0,68.0
2017-05-11,6.999999999999999,18.9,12.95,0.0,78.0,57.5
2017-05-12,1.8,18.2,10.0,0.0,86.0,47.0
2017-05-13,8.7,14.5,11.6,4.8,95.0,71.0
2017-05-14,14.7,18.7,16.7,0.0,89.0,74.0
2017-05-15,11.4,25.0,18.2,0.0,40.0,22.0
2017-05-16,4.0,18.8,11.4,0.0,79.0,54.0
2017-05-17,9.8,21.5,15.65,0.2,64.0,57.0
2017-05-18,11.8,14.6,13.2,0.0,66.0,84.0
2017-05-19,5.8,23.7,14.75,0.0,60.0,27.0
2017-05-20,10.5,16.9,13.7,1.2,96.0,76.0
2017-05-21,4.8,21.8,13.3,0.0,77.0,37.0
2017-05-22,16.3,25.9,21.1,0.2,92.0,61.0
2017-05-23,12.7,23.7,18.2,0.0,98.0,59.0
2017-05-24,21.0,27.0,24.0,0.0,60.0,60.0
2017-05-25,0.1,9.6,4.85,0.2,64.0,69.0
2017-05-26,5.2,20.4,12.799999999999999,0.0,86.0,36.0
2017-05-27,0.7,16.0,8.35,0.0,98.0,59.0
2017-05-28,10.3,24.6,17.450000000000003,0.0,78.0,39.0
2017-05-29,-4.4,-1.0,-2.7,9.0,98.0,99.0
2017-05-30,5.5,8.9,7.2,2.4,99.0,80.0
2017-05-31,7.2,19.4,13.299999999999999,0.0,54.0,44.0
2017-06-01,6.0,23.6,14.8,0.0,92.0,54.0
2017-06-02,-2.5,17.3,7.4,0.0,44.0,22.0
2017-06-03,-4.2,15.4,5.6,0.0,82.0,51.0
2017-06-04,2.1,18.6,10.350000000000001,0.0,52.0,25.0
2017-06-05,4.5,17.0,10.75,0.0,100.0,58.0
2017-06-06,-2.1,2.0,-0.050000000000000044,1.6,98.0,79.0
2017-06-07,8.6,17.5,13.05,33.4,98.0,96.0
2017-06-08,-0.6,16.1,7.750000000000001,0.0,88.0,48.0
2017-06-09,10.9,18.6,14.75,7.2,94.0,71.0
2017-06-10,5.9,14.6,10.25,0.2,99.0,77.0
2017-06-11,4.2,18.7,11.45,0.0,87.0,46.0
2017-06-12,1.7,15.8,8.75,0.0,89.0,77.0
2017-06-13,9.3,14.1,11.7,0.2,93.0,79.0
2017-06-14,1.6,15.3,8.450000000000001,0.2,100.0,69.0
2017-06-15,15.9,19.0,17.45,1.2,89.0,66.0
2017-06-16,21.3,26.4,23.85,0.0,70.0,71.0
2017-06-17,7.6,16.2,11.899999999999999,0.0,98.0,63.0
2017-06-18,10.0,23.3,16.65,0.0,61.0,39.0
2017-06-19,18.4,27.5,22.95,0.0,67.0,60.0
2017-06-20,0.5,17.1,8.8,0.2,84.0,43.0
2017-06-21,5.8,19.1,12.450000000000001,0.0,71.0,34.0
2017-06-22,2.9,25.6,14.25,0.0,53.0,23.0
2017-06-23,13.0,15.9,14.45,15.4,74.0,68.0
2017-06-24,8.85,15.1,11.975,7.7,82.0,64.5
2017-06-25,4.7,14.3,9.5,0.0,90.0,61.0
